Copyright 1986-2022 Xilinx, Inc. All Rights Reserved. Copyright 2022-2025 Advanced Micro Devices, Inc. All Rights Reserved.
---------------------------------------------------------------------------------------------------------------------------------------------------------------------------------------------------------------------------------------------
| Tool Version : Vivado v.2025.2 (win64) Build 6299465 Fri Nov 14 19:35:11 GMT 2025
| Date         : Sun Jun 28 11:43:48 2026
| Host         : DESKTOP-PGLBIGS running 64-bit major release  (build 9200)
| Command      : report_timing_summary -max_paths 10 -routable_nets -report_unconstrained -file Complex_CDC_timing_summary_routed.rpt -pb Complex_CDC_timing_summary_routed.pb -rpx Complex_CDC_timing_summary_routed.rpx -warn_on_violation
| Design       : Complex_CDC
| Device       : 7z010i-clg225
| Speed File   : -1L  PRODUCTION 1.12 2019-11-22
| Design State : Routed
---------------------------------------------------------------------------------------------------------------------------------------------------------------------------------------------------------------------------------------------

Timing Summary Report

------------------------------------------------------------------------------------------------
| Timer Settings
| --------------
------------------------------------------------------------------------------------------------

  Enable Multi Corner Analysis               :  Yes
  Enable Pessimism Removal                   :  Yes
  Pessimism Removal Resolution               :  Nearest Common Node
  Enable Input Delay Default Clock           :  No
  Enable Preset / Clear Arcs                 :  No
  Disable Flight Delays                      :  No
  Ignore I/O Paths                           :  No
  Timing Early Launch at Borrowing Latches   :  No
  Borrow Time for Max Delay Exceptions       :  Yes
  Merge Timing Exceptions                    :  Yes
  Inter-SLR Compensation                     :  Conservative

  Corner  Analyze    Analyze    
  Name    Max Paths  Min Paths  
  ------  ---------  ---------  
  Slow    Yes        Yes        
  Fast    Yes        Yes        


------------------------------------------------------------------------------------------------
| Report Methodology
| ------------------
------------------------------------------------------------------------------------------------

Rule       Severity  Description                       Violations  
---------  --------  --------------------------------  ----------  
TIMING-10  Warning   Missing property on synchronizer  1           
TIMING-18  Warning   Missing input or output delay     11          

Note: This report is based on the most recent report_methodology run and may not be up-to-date. Run report_methodology on the current design for the latest report.



check_timing report

Table of Contents
-----------------
1. checking no_clock (0)
2. checking constant_clock (0)
3. checking pulse_width_clock (0)
4. checking unconstrained_internal_endpoints (0)
5. checking no_input_delay (7)
6. checking no_output_delay (4)
7. checking multiple_clock (0)
8. checking generated_clocks (0)
9. checking loops (0)
10. checking partial_input_delay (0)
11. checking partial_output_delay (0)
12. checking latch_loops (0)

1. checking no_clock (0)
------------------------
 There are 0 register/latch pins with no clock.


2. checking constant_clock (0)
------------------------------
 There are 0 register/latch pins with constant_clock.


3. checking pulse_width_clock (0)
---------------------------------
 There are 0 register/latch pins which need pulse_width check


4. checking unconstrained_internal_endpoints (0)
------------------------------------------------
 There are 0 pins that are not constrained for maximum delay.

 There are 0 pins that are not constrained for maximum delay due to constant clock.


5. checking no_input_delay (7)
------------------------------
 There are 7 input ports with no input delay specified. (HIGH)

 There are 0 input ports with no input delay but user has a false path constraint.


6. checking no_output_delay (4)
-------------------------------
 There are 4 ports with no output delay specified. (HIGH)

 There are 0 ports with no output delay but user has a false path constraint

 There are 0 ports with no output delay but with a timing clock defined on it or propagating through it


7. checking multiple_clock (0)
------------------------------
 There are 0 register/latch pins with multiple clocks.


8. checking generated_clocks (0)
--------------------------------
 There are 0 generated clocks that are not connected to a clock source.


9. checking loops (0)
---------------------
 There are 0 combinational loops in the design.


10. checking partial_input_delay (0)
------------------------------------
 There are 0 input ports with partial input delay specified.


11. checking partial_output_delay (0)
-------------------------------------
 There are 0 ports with partial output delay specified.


12. checking latch_loops (0)
----------------------------
 There are 0 combinational latch loops in the design through latch input



------------------------------------------------------------------------------------------------
| Design Timing Summary
| ---------------------
------------------------------------------------------------------------------------------------

    WNS(ns)      TNS(ns)  TNS Failing Endpoints  TNS Total Endpoints      WHS(ns)      THS(ns)  THS Failing Endpoints  THS Total Endpoints     WPWS(ns)     TPWS(ns)  TPWS Failing Endpoints  TPWS Total Endpoints  
    -------      -------  ---------------------  -------------------      -------      -------  ---------------------  -------------------     --------     --------  ----------------------  --------------------  
      7.876        0.000                      0                   14        0.235        0.000                      0                   14        4.500        0.000                       0                    18  


All user specified timing constraints are met.


------------------------------------------------------------------------------------------------
| Clock Summary
| -------------
------------------------------------------------------------------------------------------------

Clock     Waveform(ns)       Period(ns)      Frequency(MHz)
-----     ------------       ----------      --------------
dest_clk  {0.000 7.000}      14.000          71.429          
src_clk   {0.000 5.000}      10.000          100.000         


------------------------------------------------------------------------------------------------
| Intra Clock Table
| -----------------
------------------------------------------------------------------------------------------------

Clock             WNS(ns)      TNS(ns)  TNS Failing Endpoints  TNS Total Endpoints      WHS(ns)      THS(ns)  THS Failing Endpoints  THS Total Endpoints     WPWS(ns)     TPWS(ns)  TPWS Failing Endpoints  TPWS Total Endpoints  
-----             -------      -------  ---------------------  -------------------      -------      -------  ---------------------  -------------------     --------     --------  ----------------------  --------------------  
dest_clk           11.967        0.000                      0                    7        0.235        0.000                      0                    7        6.500        0.000                       0                     9  
src_clk             7.876        0.000                      0                    7        0.235        0.000                      0                    7        4.500        0.000                       0                     9  


------------------------------------------------------------------------------------------------
| Inter Clock Table
| -----------------
------------------------------------------------------------------------------------------------

From Clock    To Clock          WNS(ns)      TNS(ns)  TNS Failing Endpoints  TNS Total Endpoints      WHS(ns)      THS(ns)  THS Failing Endpoints  THS Total Endpoints  
----------    --------          -------      -------  ---------------------  -------------------      -------      -------  ---------------------  -------------------  


------------------------------------------------------------------------------------------------
| Other Path Groups Table
| -----------------------
------------------------------------------------------------------------------------------------

Path Group    From Clock    To Clock          WNS(ns)      TNS(ns)  TNS Failing Endpoints  TNS Total Endpoints      WHS(ns)      THS(ns)  THS Failing Endpoints  THS Total Endpoints  
----------    ----------    --------          -------      -------  ---------------------  -------------------      -------      -------  ---------------------  -------------------  


------------------------------------------------------------------------------------------------
| User Ignored Path Table
| -----------------------
------------------------------------------------------------------------------------------------

Path Group    From Clock    To Clock    
----------    ----------    --------    
(none)        src_clk       dest_clk      
(none)        dest_clk      src_clk       


------------------------------------------------------------------------------------------------
| Unconstrained Path Table
| ------------------------
------------------------------------------------------------------------------------------------

Path Group    From Clock    To Clock    
----------    ----------    --------    
(none)        dest_clk                    
(none)                      dest_clk      
(none)                      src_clk       


------------------------------------------------------------------------------------------------
| Timing Details
| --------------
------------------------------------------------------------------------------------------------


---------------------------------------------------------------------------------------------------
From Clock:  dest_clk
  To Clock:  dest_clk

Setup :            0  Failing Endpoints,  Worst Slack       11.967ns,  Total Violation        0.000ns
Hold  :            0  Failing Endpoints,  Worst Slack        0.235ns,  Total Violation        0.000ns
PW    :            0  Failing Endpoints,  Worst Slack        6.500ns,  Total Violation        0.000ns
---------------------------------------------------------------------------------------------------


Max Delay Paths
--------------------------------------------------------------------------------------
Slack (MET) :             11.967ns  (required time - arrival time)
  Source:                 dest_sync2_reg/C
                            (rising edge-triggered cell FDCE clocked by dest_clk  {rise@0.000ns fall@7.000ns period=14.000ns})
  Destination:            dest_data_reg[0]/CE
                            (rising edge-triggered cell FDCE clocked by dest_clk  {rise@0.000ns fall@7.000ns period=14.000ns})
  Path Group:             dest_clk
  Path Type:              Setup (Max at Slow Process Corner)
  Requirement:            14.000ns  (dest_clk rise@14.000ns - dest_clk rise@0.000ns)
  Data Path Delay:        1.803ns  (logic 0.580ns (32.177%)  route 1.223ns (67.822%))
  Logic Levels:           1  (LUT2=1)
  Clock Path Skew:        -0.026ns (DCD - SCD + CPR)
    Destination Clock Delay (DCD):    4.385ns = ( 18.385 - 14.000 ) 
    Source Clock Delay      (SCD):    4.903ns
    Clock Pessimism Removal (CPR):    0.492ns
  Clock Uncertainty:      0.035ns  ((TSJ^2 + TIJ^2)^1/2 + DJ) / 2 + PE
    Total System Jitter     (TSJ):    0.071ns
    Total Input Jitter      (TIJ):    0.000ns
    Discrete Jitter          (DJ):    0.000ns
    Phase Error              (PE):    0.000ns

    Location             Delay type                Incr(ns)  Path(ns)    Netlist Resource(s)
  -------------------------------------------------------------------    -------------------
                         (clock dest_clk rise edge)
                                                      0.000     0.000 r  
    K11                                               0.000     0.000 r  dest_clk (IN)
                         net (fo=0)                   0.000     0.000    dest_clk
    K11                  IBUF (Prop_ibuf_I_O)         0.972     0.972 r  dest_clk_IBUF_inst/O
                         net (fo=1, routed)           2.076     3.048    dest_clk_IBUF
    BUFGCTRL_X0Y0        BUFG (Prop_bufg_I_O)         0.101     3.149 r  dest_clk_IBUF_BUFG_inst/O
                         net (fo=8, routed)           1.754     4.903    dest_clk_IBUF_BUFG
    SLICE_X43Y6          FDCE                                         r  dest_sync2_reg/C
  -------------------------------------------------------------------    -------------------
    SLICE_X43Y6          FDCE (Prop_fdce_C_Q)         0.456     5.359 r  dest_sync2_reg/Q
                         net (fo=3, routed)           0.680     6.039    dest_sync2
    SLICE_X43Y6          LUT2 (Prop_lut2_I0_O)        0.124     6.163 r  dest_data[3]_i_1/O
                         net (fo=4, routed)           0.543     6.706    en_dest
    SLICE_X42Y7          FDCE                                         r  dest_data_reg[0]/CE
  -------------------------------------------------------------------    -------------------

                         (clock dest_clk rise edge)
                                                     14.000    14.000 r  
    K11                                               0.000    14.000 r  dest_clk (IN)
                         net (fo=0)                   0.000    14.000    dest_clk
    K11                  IBUF (Prop_ibuf_I_O)         0.838    14.838 r  dest_clk_IBUF_inst/O
                         net (fo=1, routed)           1.880    16.718    dest_clk_IBUF
    BUFGCTRL_X0Y0        BUFG (Prop_bufg_I_O)         0.091    16.809 r  dest_clk_IBUF_BUFG_inst/O
                         net (fo=8, routed)           1.575    18.385    dest_clk_IBUF_BUFG
    SLICE_X42Y7          FDCE                                         r  dest_data_reg[0]/C
                         clock pessimism              0.492    18.877    
                         clock uncertainty           -0.035    18.842    
    SLICE_X42Y7          FDCE (Setup_fdce_C_CE)      -0.169    18.673    dest_data_reg[0]
  -------------------------------------------------------------------
                         required time                         18.673    
                         arrival time                          -6.706    
  -------------------------------------------------------------------
                         slack                                 11.967    

Slack (MET) :             11.967ns  (required time - arrival time)
  Source:                 dest_sync2_reg/C
                            (rising edge-triggered cell FDCE clocked by dest_clk  {rise@0.000ns fall@7.000ns period=14.000ns})
  Destination:            dest_data_reg[1]/CE
                            (rising edge-triggered cell FDCE clocked by dest_clk  {rise@0.000ns fall@7.000ns period=14.000ns})
  Path Group:             dest_clk
  Path Type:              Setup (Max at Slow Process Corner)
  Requirement:            14.000ns  (dest_clk rise@14.000ns - dest_clk rise@0.000ns)
  Data Path Delay:        1.803ns  (logic 0.580ns (32.177%)  route 1.223ns (67.822%))
  Logic Levels:           1  (LUT2=1)
  Clock Path Skew:        -0.026ns (DCD - SCD + CPR)
    Destination Clock Delay (DCD):    4.385ns = ( 18.385 - 14.000 ) 
    Source Clock Delay      (SCD):    4.903ns
    Clock Pessimism Removal (CPR):    0.492ns
  Clock Uncertainty:      0.035ns  ((TSJ^2 + TIJ^2)^1/2 + DJ) / 2 + PE
    Total System Jitter     (TSJ):    0.071ns
    Total Input Jitter      (TIJ):    0.000ns
    Discrete Jitter          (DJ):    0.000ns
    Phase Error              (PE):    0.000ns

    Location             Delay type                Incr(ns)  Path(ns)    Netlist Resource(s)
  -------------------------------------------------------------------    -------------------
                         (clock dest_clk rise edge)
                                                      0.000     0.000 r  
    K11                                               0.000     0.000 r  dest_clk (IN)
                         net (fo=0)                   0.000     0.000    dest_clk
    K11                  IBUF (Prop_ibuf_I_O)         0.972     0.972 r  dest_clk_IBUF_inst/O
                         net (fo=1, routed)           2.076     3.048    dest_clk_IBUF
    BUFGCTRL_X0Y0        BUFG (Prop_bufg_I_O)         0.101     3.149 r  dest_clk_IBUF_BUFG_inst/O
                         net (fo=8, routed)           1.754     4.903    dest_clk_IBUF_BUFG
    SLICE_X43Y6          FDCE                                         r  dest_sync2_reg/C
  -------------------------------------------------------------------    -------------------
    SLICE_X43Y6          FDCE (Prop_fdce_C_Q)         0.456     5.359 r  dest_sync2_reg/Q
                         net (fo=3, routed)           0.680     6.039    dest_sync2
    SLICE_X43Y6          LUT2 (Prop_lut2_I0_O)        0.124     6.163 r  dest_data[3]_i_1/O
                         net (fo=4, routed)           0.543     6.706    en_dest
    SLICE_X42Y7          FDCE                                         r  dest_data_reg[1]/CE
  -------------------------------------------------------------------    -------------------

                         (clock dest_clk rise edge)
                                                     14.000    14.000 r  
    K11                                               0.000    14.000 r  dest_clk (IN)
                         net (fo=0)                   0.000    14.000    dest_clk
    K11                  IBUF (Prop_ibuf_I_O)         0.838    14.838 r  dest_clk_IBUF_inst/O
                         net (fo=1, routed)           1.880    16.718    dest_clk_IBUF
    BUFGCTRL_X0Y0        BUFG (Prop_bufg_I_O)         0.091    16.809 r  dest_clk_IBUF_BUFG_inst/O
                         net (fo=8, routed)           1.575    18.385    dest_clk_IBUF_BUFG
    SLICE_X42Y7          FDCE                                         r  dest_data_reg[1]/C
                         clock pessimism              0.492    18.877    
                         clock uncertainty           -0.035    18.842    
    SLICE_X42Y7          FDCE (Setup_fdce_C_CE)      -0.169    18.673    dest_data_reg[1]
  -------------------------------------------------------------------
                         required time                         18.673    
                         arrival time                          -6.706    
  -------------------------------------------------------------------
                         slack                                 11.967    

Slack (MET) :             11.967ns  (required time - arrival time)
  Source:                 dest_sync2_reg/C
                            (rising edge-triggered cell FDCE clocked by dest_clk  {rise@0.000ns fall@7.000ns period=14.000ns})
  Destination:            dest_data_reg[2]/CE
                            (rising edge-triggered cell FDCE clocked by dest_clk  {rise@0.000ns fall@7.000ns period=14.000ns})
  Path Group:             dest_clk
  Path Type:              Setup (Max at Slow Process Corner)
  Requirement:            14.000ns  (dest_clk rise@14.000ns - dest_clk rise@0.000ns)
  Data Path Delay:        1.803ns  (logic 0.580ns (32.177%)  route 1.223ns (67.822%))
  Logic Levels:           1  (LUT2=1)
  Clock Path Skew:        -0.026ns (DCD - SCD + CPR)
    Destination Clock Delay (DCD):    4.385ns = ( 18.385 - 14.000 ) 
    Source Clock Delay      (SCD):    4.903ns
    Clock Pessimism Removal (CPR):    0.492ns
  Clock Uncertainty:      0.035ns  ((TSJ^2 + TIJ^2)^1/2 + DJ) / 2 + PE
    Total System Jitter     (TSJ):    0.071ns
    Total Input Jitter      (TIJ):    0.000ns
    Discrete Jitter          (DJ):    0.000ns
    Phase Error              (PE):    0.000ns

    Location             Delay type                Incr(ns)  Path(ns)    Netlist Resource(s)
  -------------------------------------------------------------------    -------------------
                         (clock dest_clk rise edge)
                                                      0.000     0.000 r  
    K11                                               0.000     0.000 r  dest_clk (IN)
                         net (fo=0)                   0.000     0.000    dest_clk
    K11                  IBUF (Prop_ibuf_I_O)         0.972     0.972 r  dest_clk_IBUF_inst/O
                         net (fo=1, routed)           2.076     3.048    dest_clk_IBUF
    BUFGCTRL_X0Y0        BUFG (Prop_bufg_I_O)         0.101     3.149 r  dest_clk_IBUF_BUFG_inst/O
                         net (fo=8, routed)           1.754     4.903    dest_clk_IBUF_BUFG
    SLICE_X43Y6          FDCE                                         r  dest_sync2_reg/C
  -------------------------------------------------------------------    -------------------
    SLICE_X43Y6          FDCE (Prop_fdce_C_Q)         0.456     5.359 r  dest_sync2_reg/Q
                         net (fo=3, routed)           0.680     6.039    dest_sync2
    SLICE_X43Y6          LUT2 (Prop_lut2_I0_O)        0.124     6.163 r  dest_data[3]_i_1/O
                         net (fo=4, routed)           0.543     6.706    en_dest
    SLICE_X42Y7          FDCE                                         r  dest_data_reg[2]/CE
  -------------------------------------------------------------------    -------------------

                         (clock dest_clk rise edge)
                                                     14.000    14.000 r  
    K11                                               0.000    14.000 r  dest_clk (IN)
                         net (fo=0)                   0.000    14.000    dest_clk
    K11                  IBUF (Prop_ibuf_I_O)         0.838    14.838 r  dest_clk_IBUF_inst/O
                         net (fo=1, routed)           1.880    16.718    dest_clk_IBUF
    BUFGCTRL_X0Y0        BUFG (Prop_bufg_I_O)         0.091    16.809 r  dest_clk_IBUF_BUFG_inst/O
                         net (fo=8, routed)           1.575    18.385    dest_clk_IBUF_BUFG
    SLICE_X42Y7          FDCE                                         r  dest_data_reg[2]/C
                         clock pessimism              0.492    18.877    
                         clock uncertainty           -0.035    18.842    
    SLICE_X42Y7          FDCE (Setup_fdce_C_CE)      -0.169    18.673    dest_data_reg[2]
  -------------------------------------------------------------------
                         required time                         18.673    
                         arrival time                          -6.706    
  -------------------------------------------------------------------
                         slack                                 11.967    

Slack (MET) :             11.967ns  (required time - arrival time)
  Source:                 dest_sync2_reg/C
                            (rising edge-triggered cell FDCE clocked by dest_clk  {rise@0.000ns fall@7.000ns period=14.000ns})
  Destination:            dest_data_reg[3]/CE
                            (rising edge-triggered cell FDCE clocked by dest_clk  {rise@0.000ns fall@7.000ns period=14.000ns})
  Path Group:             dest_clk
  Path Type:              Setup (Max at Slow Process Corner)
  Requirement:            14.000ns  (dest_clk rise@14.000ns - dest_clk rise@0.000ns)
  Data Path Delay:        1.803ns  (logic 0.580ns (32.177%)  route 1.223ns (67.822%))
  Logic Levels:           1  (LUT2=1)
  Clock Path Skew:        -0.026ns (DCD - SCD + CPR)
    Destination Clock Delay (DCD):    4.385ns = ( 18.385 - 14.000 ) 
    Source Clock Delay      (SCD):    4.903ns
    Clock Pessimism Removal (CPR):    0.492ns
  Clock Uncertainty:      0.035ns  ((TSJ^2 + TIJ^2)^1/2 + DJ) / 2 + PE
    Total System Jitter     (TSJ):    0.071ns
    Total Input Jitter      (TIJ):    0.000ns
    Discrete Jitter          (DJ):    0.000ns
    Phase Error              (PE):    0.000ns

    Location             Delay type                Incr(ns)  Path(ns)    Netlist Resource(s)
  -------------------------------------------------------------------    -------------------
                         (clock dest_clk rise edge)
                                                      0.000     0.000 r  
    K11                                               0.000     0.000 r  dest_clk (IN)
                         net (fo=0)                   0.000     0.000    dest_clk
    K11                  IBUF (Prop_ibuf_I_O)         0.972     0.972 r  dest_clk_IBUF_inst/O
                         net (fo=1, routed)           2.076     3.048    dest_clk_IBUF
    BUFGCTRL_X0Y0        BUFG (Prop_bufg_I_O)         0.101     3.149 r  dest_clk_IBUF_BUFG_inst/O
                         net (fo=8, routed)           1.754     4.903    dest_clk_IBUF_BUFG
    SLICE_X43Y6          FDCE                                         r  dest_sync2_reg/C
  -------------------------------------------------------------------    -------------------
    SLICE_X43Y6          FDCE (Prop_fdce_C_Q)         0.456     5.359 r  dest_sync2_reg/Q
                         net (fo=3, routed)           0.680     6.039    dest_sync2
    SLICE_X43Y6          LUT2 (Prop_lut2_I0_O)        0.124     6.163 r  dest_data[3]_i_1/O
                         net (fo=4, routed)           0.543     6.706    en_dest
    SLICE_X42Y7          FDCE                                         r  dest_data_reg[3]/CE
  -------------------------------------------------------------------    -------------------

                         (clock dest_clk rise edge)
                                                     14.000    14.000 r  
    K11                                               0.000    14.000 r  dest_clk (IN)
                         net (fo=0)                   0.000    14.000    dest_clk
    K11                  IBUF (Prop_ibuf_I_O)         0.838    14.838 r  dest_clk_IBUF_inst/O
                         net (fo=1, routed)           1.880    16.718    dest_clk_IBUF
    BUFGCTRL_X0Y0        BUFG (Prop_bufg_I_O)         0.091    16.809 r  dest_clk_IBUF_BUFG_inst/O
                         net (fo=8, routed)           1.575    18.385    dest_clk_IBUF_BUFG
    SLICE_X42Y7          FDCE                                         r  dest_data_reg[3]/C
                         clock pessimism              0.492    18.877    
                         clock uncertainty           -0.035    18.842    
    SLICE_X42Y7          FDCE (Setup_fdce_C_CE)      -0.169    18.673    dest_data_reg[3]
  -------------------------------------------------------------------
                         required time                         18.673    
                         arrival time                          -6.706    
  -------------------------------------------------------------------
                         slack                                 11.967    

Slack (MET) :             12.456ns  (required time - arrival time)
  Source:                 handshake_dest_reg/C
                            (rising edge-triggered cell FDCE clocked by dest_clk  {rise@0.000ns fall@7.000ns period=14.000ns})
  Destination:            handshake_dest_reg/D
                            (rising edge-triggered cell FDCE clocked by dest_clk  {rise@0.000ns fall@7.000ns period=14.000ns})
  Path Group:             dest_clk
  Path Type:              Setup (Max at Slow Process Corner)
  Requirement:            14.000ns  (dest_clk rise@14.000ns - dest_clk rise@0.000ns)
  Data Path Delay:        1.537ns  (logic 0.580ns (37.725%)  route 0.957ns (62.275%))
  Logic Levels:           1  (LUT3=1)
  Clock Path Skew:        0.000ns (DCD - SCD + CPR)
    Destination Clock Delay (DCD):    4.386ns = ( 18.386 - 14.000 ) 
    Source Clock Delay      (SCD):    4.903ns
    Clock Pessimism Removal (CPR):    0.517ns
  Clock Uncertainty:      0.035ns  ((TSJ^2 + TIJ^2)^1/2 + DJ) / 2 + PE
    Total System Jitter     (TSJ):    0.071ns
    Total Input Jitter      (TIJ):    0.000ns
    Discrete Jitter          (DJ):    0.000ns
    Phase Error              (PE):    0.000ns

    Location             Delay type                Incr(ns)  Path(ns)    Netlist Resource(s)
  -------------------------------------------------------------------    -------------------
                         (clock dest_clk rise edge)
                                                      0.000     0.000 r  
    K11                                               0.000     0.000 r  dest_clk (IN)
                         net (fo=0)                   0.000     0.000    dest_clk
    K11                  IBUF (Prop_ibuf_I_O)         0.972     0.972 r  dest_clk_IBUF_inst/O
                         net (fo=1, routed)           2.076     3.048    dest_clk_IBUF
    BUFGCTRL_X0Y0        BUFG (Prop_bufg_I_O)         0.101     3.149 r  dest_clk_IBUF_BUFG_inst/O
                         net (fo=8, routed)           1.754     4.903    dest_clk_IBUF_BUFG
    SLICE_X43Y6          FDCE                                         r  handshake_dest_reg/C
  -------------------------------------------------------------------    -------------------
    SLICE_X43Y6          FDCE (Prop_fdce_C_Q)         0.456     5.359 r  handshake_dest_reg/Q
                         net (fo=2, routed)           0.957     6.317    handshake_dest_reg_n_0
    SLICE_X43Y6          LUT3 (Prop_lut3_I2_O)        0.124     6.441 r  handshake_dest_i_1/O
                         net (fo=1, routed)           0.000     6.441    handshake_dest_i_1_n_0
    SLICE_X43Y6          FDCE                                         r  handshake_dest_reg/D
  -------------------------------------------------------------------    -------------------

                         (clock dest_clk rise edge)
                                                     14.000    14.000 r  
    K11                                               0.000    14.000 r  dest_clk (IN)
                         net (fo=0)                   0.000    14.000    dest_clk
    K11                  IBUF (Prop_ibuf_I_O)         0.838    14.838 r  dest_clk_IBUF_inst/O
                         net (fo=1, routed)           1.880    16.718    dest_clk_IBUF
    BUFGCTRL_X0Y0        BUFG (Prop_bufg_I_O)         0.091    16.809 r  dest_clk_IBUF_BUFG_inst/O
                         net (fo=8, routed)           1.576    18.386    dest_clk_IBUF_BUFG
    SLICE_X43Y6          FDCE                                         r  handshake_dest_reg/C
                         clock pessimism              0.517    18.903    
                         clock uncertainty           -0.035    18.868    
    SLICE_X43Y6          FDCE (Setup_fdce_C_D)        0.029    18.897    handshake_dest_reg
  -------------------------------------------------------------------
                         required time                         18.897    
                         arrival time                          -6.441    
  -------------------------------------------------------------------
                         slack                                 12.456    

Slack (MET) :             12.768ns  (required time - arrival time)
  Source:                 dest_sync2_reg/C
                            (rising edge-triggered cell FDCE clocked by dest_clk  {rise@0.000ns fall@7.000ns period=14.000ns})
  Destination:            dest_sync3_reg/D
                            (rising edge-triggered cell FDCE clocked by dest_clk  {rise@0.000ns fall@7.000ns period=14.000ns})
  Path Group:             dest_clk
  Path Type:              Setup (Max at Slow Process Corner)
  Requirement:            14.000ns  (dest_clk rise@14.000ns - dest_clk rise@0.000ns)
  Data Path Delay:        1.135ns  (logic 0.456ns (40.170%)  route 0.679ns (59.830%))
  Logic Levels:           0  
  Clock Path Skew:        0.000ns (DCD - SCD + CPR)
    Destination Clock Delay (DCD):    4.386ns = ( 18.386 - 14.000 ) 
    Source Clock Delay      (SCD):    4.903ns
    Clock Pessimism Removal (CPR):    0.517ns
  Clock Uncertainty:      0.035ns  ((TSJ^2 + TIJ^2)^1/2 + DJ) / 2 + PE
    Total System Jitter     (TSJ):    0.071ns
    Total Input Jitter      (TIJ):    0.000ns
    Discrete Jitter          (DJ):    0.000ns
    Phase Error              (PE):    0.000ns

    Location             Delay type                Incr(ns)  Path(ns)    Netlist Resource(s)
  -------------------------------------------------------------------    -------------------
                         (clock dest_clk rise edge)
                                                      0.000     0.000 r  
    K11                                               0.000     0.000 r  dest_clk (IN)
                         net (fo=0)                   0.000     0.000    dest_clk
    K11                  IBUF (Prop_ibuf_I_O)         0.972     0.972 r  dest_clk_IBUF_inst/O
                         net (fo=1, routed)           2.076     3.048    dest_clk_IBUF
    BUFGCTRL_X0Y0        BUFG (Prop_bufg_I_O)         0.101     3.149 r  dest_clk_IBUF_BUFG_inst/O
                         net (fo=8, routed)           1.754     4.903    dest_clk_IBUF_BUFG
    SLICE_X43Y6          FDCE                                         r  dest_sync2_reg/C
  -------------------------------------------------------------------    -------------------
    SLICE_X43Y6          FDCE (Prop_fdce_C_Q)         0.456     5.359 r  dest_sync2_reg/Q
                         net (fo=3, routed)           0.679     6.038    dest_sync2
    SLICE_X43Y6          FDCE                                         r  dest_sync3_reg/D
  -------------------------------------------------------------------    -------------------

                         (clock dest_clk rise edge)
                                                     14.000    14.000 r  
    K11                                               0.000    14.000 r  dest_clk (IN)
                         net (fo=0)                   0.000    14.000    dest_clk
    K11                  IBUF (Prop_ibuf_I_O)         0.838    14.838 r  dest_clk_IBUF_inst/O
                         net (fo=1, routed)           1.880    16.718    dest_clk_IBUF
    BUFGCTRL_X0Y0        BUFG (Prop_bufg_I_O)         0.091    16.809 r  dest_clk_IBUF_BUFG_inst/O
                         net (fo=8, routed)           1.576    18.386    dest_clk_IBUF_BUFG
    SLICE_X43Y6          FDCE                                         r  dest_sync3_reg/C
                         clock pessimism              0.517    18.903    
                         clock uncertainty           -0.035    18.868    
    SLICE_X43Y6          FDCE (Setup_fdce_C_D)       -0.061    18.807    dest_sync3_reg
  -------------------------------------------------------------------
                         required time                         18.807    
                         arrival time                          -6.038    
  -------------------------------------------------------------------
                         slack                                 12.768    

Slack (MET) :             12.907ns  (required time - arrival time)
  Source:                 dest_sync1_reg/C
                            (rising edge-triggered cell FDCE clocked by dest_clk  {rise@0.000ns fall@7.000ns period=14.000ns})
  Destination:            dest_sync2_reg/D
                            (rising edge-triggered cell FDCE clocked by dest_clk  {rise@0.000ns fall@7.000ns period=14.000ns})
  Path Group:             dest_clk
  Path Type:              Setup (Max at Slow Process Corner)
  Requirement:            14.000ns  (dest_clk rise@14.000ns - dest_clk rise@0.000ns)
  Data Path Delay:        0.801ns  (logic 0.419ns (52.283%)  route 0.382ns (47.717%))
  Logic Levels:           0  
  Clock Path Skew:        0.000ns (DCD - SCD + CPR)
    Destination Clock Delay (DCD):    4.386ns = ( 18.386 - 14.000 ) 
    Source Clock Delay      (SCD):    4.903ns
    Clock Pessimism Removal (CPR):    0.517ns
  Clock Uncertainty:      0.035ns  ((TSJ^2 + TIJ^2)^1/2 + DJ) / 2 + PE
    Total System Jitter     (TSJ):    0.071ns
    Total Input Jitter      (TIJ):    0.000ns
    Discrete Jitter          (DJ):    0.000ns
    Phase Error              (PE):    0.000ns

    Location             Delay type                Incr(ns)  Path(ns)    Netlist Resource(s)
  -------------------------------------------------------------------    -------------------
                         (clock dest_clk rise edge)
                                                      0.000     0.000 r  
    K11                                               0.000     0.000 r  dest_clk (IN)
                         net (fo=0)                   0.000     0.000    dest_clk
    K11                  IBUF (Prop_ibuf_I_O)         0.972     0.972 r  dest_clk_IBUF_inst/O
                         net (fo=1, routed)           2.076     3.048    dest_clk_IBUF
    BUFGCTRL_X0Y0        BUFG (Prop_bufg_I_O)         0.101     3.149 r  dest_clk_IBUF_BUFG_inst/O
                         net (fo=8, routed)           1.754     4.903    dest_clk_IBUF_BUFG
    SLICE_X43Y6          FDCE                                         r  dest_sync1_reg/C
  -------------------------------------------------------------------    -------------------
    SLICE_X43Y6          FDCE (Prop_fdce_C_Q)         0.419     5.322 r  dest_sync1_reg/Q
                         net (fo=1, routed)           0.382     5.705    dest_sync1
    SLICE_X43Y6          FDCE                                         r  dest_sync2_reg/D
  -------------------------------------------------------------------    -------------------

                         (clock dest_clk rise edge)
                                                     14.000    14.000 r  
    K11                                               0.000    14.000 r  dest_clk (IN)
                         net (fo=0)                   0.000    14.000    dest_clk
    K11                  IBUF (Prop_ibuf_I_O)         0.838    14.838 r  dest_clk_IBUF_inst/O
                         net (fo=1, routed)           1.880    16.718    dest_clk_IBUF
    BUFGCTRL_X0Y0        BUFG (Prop_bufg_I_O)         0.091    16.809 r  dest_clk_IBUF_BUFG_inst/O
                         net (fo=8, routed)           1.576    18.386    dest_clk_IBUF_BUFG
    SLICE_X43Y6          FDCE                                         r  dest_sync2_reg/C
                         clock pessimism              0.517    18.903    
                         clock uncertainty           -0.035    18.868    
    SLICE_X43Y6          FDCE (Setup_fdce_C_D)       -0.256    18.612    dest_sync2_reg
  -------------------------------------------------------------------
                         required time                         18.612    
                         arrival time                          -5.705    
  -------------------------------------------------------------------
                         slack                                 12.907    





Min Delay Paths
--------------------------------------------------------------------------------------
Slack (MET) :             0.235ns  (arrival time - required time)
  Source:                 dest_sync1_reg/C
                            (rising edge-triggered cell FDCE clocked by dest_clk  {rise@0.000ns fall@7.000ns period=14.000ns})
  Destination:            dest_sync2_reg/D
                            (rising edge-triggered cell FDCE clocked by dest_clk  {rise@0.000ns fall@7.000ns period=14.000ns})
  Path Group:             dest_clk
  Path Type:              Hold (Min at Fast Process Corner)
  Requirement:            0.000ns  (dest_clk rise@0.000ns - dest_clk rise@0.000ns)
  Data Path Delay:        0.247ns  (logic 0.128ns (51.736%)  route 0.119ns (48.264%))
  Logic Levels:           0  
  Clock Path Skew:        0.000ns (DCD - SCD - CPR)
    Destination Clock Delay (DCD):    1.963ns
    Source Clock Delay      (SCD):    1.446ns
    Clock Pessimism Removal (CPR):    0.517ns

    Location             Delay type                Incr(ns)  Path(ns)    Netlist Resource(s)
  -------------------------------------------------------------------    -------------------
                         (clock dest_clk rise edge)
                                                      0.000     0.000 r  
    K11                                               0.000     0.000 r  dest_clk (IN)
                         net (fo=0)                   0.000     0.000    dest_clk
    K11                  IBUF (Prop_ibuf_I_O)         0.201     0.201 r  dest_clk_IBUF_inst/O
                         net (fo=1, routed)           0.627     0.828    dest_clk_IBUF
    BUFGCTRL_X0Y0        BUFG (Prop_bufg_I_O)         0.026     0.854 r  dest_clk_IBUF_BUFG_inst/O
                         net (fo=8, routed)           0.592     1.446    dest_clk_IBUF_BUFG
    SLICE_X43Y6          FDCE                                         r  dest_sync1_reg/C
  -------------------------------------------------------------------    -------------------
    SLICE_X43Y6          FDCE (Prop_fdce_C_Q)         0.128     1.574 r  dest_sync1_reg/Q
                         net (fo=1, routed)           0.119     1.693    dest_sync1
    SLICE_X43Y6          FDCE                                         r  dest_sync2_reg/D
  -------------------------------------------------------------------    -------------------

                         (clock dest_clk rise edge)
                                                      0.000     0.000 r  
    K11                                               0.000     0.000 r  dest_clk (IN)
                         net (fo=0)                   0.000     0.000    dest_clk
    K11                  IBUF (Prop_ibuf_I_O)         0.390     0.390 r  dest_clk_IBUF_inst/O
                         net (fo=1, routed)           0.683     1.073    dest_clk_IBUF
    BUFGCTRL_X0Y0        BUFG (Prop_bufg_I_O)         0.029     1.102 r  dest_clk_IBUF_BUFG_inst/O
                         net (fo=8, routed)           0.861     1.963    dest_clk_IBUF_BUFG
    SLICE_X43Y6          FDCE                                         r  dest_sync2_reg/C
                         clock pessimism             -0.517     1.446    
    SLICE_X43Y6          FDCE (Hold_fdce_C_D)         0.012     1.458    dest_sync2_reg
  -------------------------------------------------------------------
                         required time                         -1.458    
                         arrival time                           1.693    
  -------------------------------------------------------------------
                         slack                                  0.235    

Slack (MET) :             0.317ns  (arrival time - required time)
  Source:                 dest_sync3_reg/C
                            (rising edge-triggered cell FDCE clocked by dest_clk  {rise@0.000ns fall@7.000ns period=14.000ns})
  Destination:            handshake_dest_reg/D
                            (rising edge-triggered cell FDCE clocked by dest_clk  {rise@0.000ns fall@7.000ns period=14.000ns})
  Path Group:             dest_clk
  Path Type:              Hold (Min at Fast Process Corner)
  Requirement:            0.000ns  (dest_clk rise@0.000ns - dest_clk rise@0.000ns)
  Data Path Delay:        0.408ns  (logic 0.186ns (45.565%)  route 0.222ns (54.435%))
  Logic Levels:           1  (LUT3=1)
  Clock Path Skew:        0.000ns (DCD - SCD - CPR)
    Destination Clock Delay (DCD):    1.963ns
    Source Clock Delay      (SCD):    1.446ns
    Clock Pessimism Removal (CPR):    0.517ns

    Location             Delay type                Incr(ns)  Path(ns)    Netlist Resource(s)
  -------------------------------------------------------------------    -------------------
                         (clock dest_clk rise edge)
                                                      0.000     0.000 r  
    K11                                               0.000     0.000 r  dest_clk (IN)
                         net (fo=0)                   0.000     0.000    dest_clk
    K11                  IBUF (Prop_ibuf_I_O)         0.201     0.201 r  dest_clk_IBUF_inst/O
                         net (fo=1, routed)           0.627     0.828    dest_clk_IBUF
    BUFGCTRL_X0Y0        BUFG (Prop_bufg_I_O)         0.026     0.854 r  dest_clk_IBUF_BUFG_inst/O
                         net (fo=8, routed)           0.592     1.446    dest_clk_IBUF_BUFG
    SLICE_X43Y6          FDCE                                         r  dest_sync3_reg/C
  -------------------------------------------------------------------    -------------------
    SLICE_X43Y6          FDCE (Prop_fdce_C_Q)         0.141     1.587 f  dest_sync3_reg/Q
                         net (fo=2, routed)           0.222     1.809    dest_sync3
    SLICE_X43Y6          LUT3 (Prop_lut3_I0_O)        0.045     1.854 r  handshake_dest_i_1/O
                         net (fo=1, routed)           0.000     1.854    handshake_dest_i_1_n_0
    SLICE_X43Y6          FDCE                                         r  handshake_dest_reg/D
  -------------------------------------------------------------------    -------------------

                         (clock dest_clk rise edge)
                                                      0.000     0.000 r  
    K11                                               0.000     0.000 r  dest_clk (IN)
                         net (fo=0)                   0.000     0.000    dest_clk
    K11                  IBUF (Prop_ibuf_I_O)         0.390     0.390 r  dest_clk_IBUF_inst/O
                         net (fo=1, routed)           0.683     1.073    dest_clk_IBUF
    BUFGCTRL_X0Y0        BUFG (Prop_bufg_I_O)         0.029     1.102 r  dest_clk_IBUF_BUFG_inst/O
                         net (fo=8, routed)           0.861     1.963    dest_clk_IBUF_BUFG
    SLICE_X43Y6          FDCE                                         r  handshake_dest_reg/C
                         clock pessimism             -0.517     1.446    
    SLICE_X43Y6          FDCE (Hold_fdce_C_D)         0.091     1.537    handshake_dest_reg
  -------------------------------------------------------------------
                         required time                         -1.537    
                         arrival time                           1.854    
  -------------------------------------------------------------------
                         slack                                  0.317    

Slack (MET) :             0.420ns  (arrival time - required time)
  Source:                 dest_sync2_reg/C
                            (rising edge-triggered cell FDCE clocked by dest_clk  {rise@0.000ns fall@7.000ns period=14.000ns})
  Destination:            dest_sync3_reg/D
                            (rising edge-triggered cell FDCE clocked by dest_clk  {rise@0.000ns fall@7.000ns period=14.000ns})
  Path Group:             dest_clk
  Path Type:              Hold (Min at Fast Process Corner)
  Requirement:            0.000ns  (dest_clk rise@0.000ns - dest_clk rise@0.000ns)
  Data Path Delay:        0.490ns  (logic 0.141ns (28.765%)  route 0.349ns (71.235%))
  Logic Levels:           0  
  Clock Path Skew:        0.000ns (DCD - SCD - CPR)
    Destination Clock Delay (DCD):    1.963ns
    Source Clock Delay      (SCD):    1.446ns
    Clock Pessimism Removal (CPR):    0.517ns

    Location             Delay type                Incr(ns)  Path(ns)    Netlist Resource(s)
  -------------------------------------------------------------------    -------------------
                         (clock dest_clk rise edge)
                                                      0.000     0.000 r  
    K11                                               0.000     0.000 r  dest_clk (IN)
                         net (fo=0)                   0.000     0.000    dest_clk
    K11                  IBUF (Prop_ibuf_I_O)         0.201     0.201 r  dest_clk_IBUF_inst/O
                         net (fo=1, routed)           0.627     0.828    dest_clk_IBUF
    BUFGCTRL_X0Y0        BUFG (Prop_bufg_I_O)         0.026     0.854 r  dest_clk_IBUF_BUFG_inst/O
                         net (fo=8, routed)           0.592     1.446    dest_clk_IBUF_BUFG
    SLICE_X43Y6          FDCE                                         r  dest_sync2_reg/C
  -------------------------------------------------------------------    -------------------
    SLICE_X43Y6          FDCE (Prop_fdce_C_Q)         0.141     1.587 r  dest_sync2_reg/Q
                         net (fo=3, routed)           0.349     1.936    dest_sync2
    SLICE_X43Y6          FDCE                                         r  dest_sync3_reg/D
  -------------------------------------------------------------------    -------------------

                         (clock dest_clk rise edge)
                                                      0.000     0.000 r  
    K11                                               0.000     0.000 r  dest_clk (IN)
                         net (fo=0)                   0.000     0.000    dest_clk
    K11                  IBUF (Prop_ibuf_I_O)         0.390     0.390 r  dest_clk_IBUF_inst/O
                         net (fo=1, routed)           0.683     1.073    dest_clk_IBUF
    BUFGCTRL_X0Y0        BUFG (Prop_bufg_I_O)         0.029     1.102 r  dest_clk_IBUF_BUFG_inst/O
                         net (fo=8, routed)           0.861     1.963    dest_clk_IBUF_BUFG
    SLICE_X43Y6          FDCE                                         r  dest_sync3_reg/C
                         clock pessimism             -0.517     1.446    
    SLICE_X43Y6          FDCE (Hold_fdce_C_D)         0.070     1.516    dest_sync3_reg
  -------------------------------------------------------------------
                         required time                         -1.516    
                         arrival time                           1.936    
  -------------------------------------------------------------------
                         slack                                  0.420    

Slack (MET) :             0.598ns  (arrival time - required time)
  Source:                 dest_sync3_reg/C
                            (rising edge-triggered cell FDCE clocked by dest_clk  {rise@0.000ns fall@7.000ns period=14.000ns})
  Destination:            dest_data_reg[0]/CE
                            (rising edge-triggered cell FDCE clocked by dest_clk  {rise@0.000ns fall@7.000ns period=14.000ns})
  Path Group:             dest_clk
  Path Type:              Hold (Min at Fast Process Corner)
  Requirement:            0.000ns  (dest_clk rise@0.000ns - dest_clk rise@0.000ns)
  Data Path Delay:        0.597ns  (logic 0.186ns (31.158%)  route 0.411ns (68.842%))
  Logic Levels:           1  (LUT2=1)
  Clock Path Skew:        0.015ns (DCD - SCD - CPR)
    Destination Clock Delay (DCD):    1.962ns
    Source Clock Delay      (SCD):    1.446ns
    Clock Pessimism Removal (CPR):    0.501ns

    Location             Delay type                Incr(ns)  Path(ns)    Netlist Resource(s)
  -------------------------------------------------------------------    -------------------
                         (clock dest_clk rise edge)
                                                      0.000     0.000 r  
    K11                                               0.000     0.000 r  dest_clk (IN)
                         net (fo=0)                   0.000     0.000    dest_clk
    K11                  IBUF (Prop_ibuf_I_O)         0.201     0.201 r  dest_clk_IBUF_inst/O
                         net (fo=1, routed)           0.627     0.828    dest_clk_IBUF
    BUFGCTRL_X0Y0        BUFG (Prop_bufg_I_O)         0.026     0.854 r  dest_clk_IBUF_BUFG_inst/O
                         net (fo=8, routed)           0.592     1.446    dest_clk_IBUF_BUFG
    SLICE_X43Y6          FDCE                                         r  dest_sync3_reg/C
  -------------------------------------------------------------------    -------------------
    SLICE_X43Y6          FDCE (Prop_fdce_C_Q)         0.141     1.587 f  dest_sync3_reg/Q
                         net (fo=2, routed)           0.224     1.811    dest_sync3
    SLICE_X43Y6          LUT2 (Prop_lut2_I1_O)        0.045     1.856 r  dest_data[3]_i_1/O
                         net (fo=4, routed)           0.187     2.043    en_dest
    SLICE_X42Y7          FDCE                                         r  dest_data_reg[0]/CE
  -------------------------------------------------------------------    -------------------

                         (clock dest_clk rise edge)
                                                      0.000     0.000 r  
    K11                                               0.000     0.000 r  dest_clk (IN)
                         net (fo=0)                   0.000     0.000    dest_clk
    K11                  IBUF (Prop_ibuf_I_O)         0.390     0.390 r  dest_clk_IBUF_inst/O
                         net (fo=1, routed)           0.683     1.073    dest_clk_IBUF
    BUFGCTRL_X0Y0        BUFG (Prop_bufg_I_O)         0.029     1.102 r  dest_clk_IBUF_BUFG_inst/O
                         net (fo=8, routed)           0.860     1.962    dest_clk_IBUF_BUFG
    SLICE_X42Y7          FDCE                                         r  dest_data_reg[0]/C
                         clock pessimism             -0.501     1.461    
    SLICE_X42Y7          FDCE (Hold_fdce_C_CE)       -0.016     1.445    dest_data_reg[0]
  -------------------------------------------------------------------
                         required time                         -1.445    
                         arrival time                           2.043    
  -------------------------------------------------------------------
                         slack                                  0.598    

Slack (MET) :             0.598ns  (arrival time - required time)
  Source:                 dest_sync3_reg/C
                            (rising edge-triggered cell FDCE clocked by dest_clk  {rise@0.000ns fall@7.000ns period=14.000ns})
  Destination:            dest_data_reg[1]/CE
                            (rising edge-triggered cell FDCE clocked by dest_clk  {rise@0.000ns fall@7.000ns period=14.000ns})
  Path Group:             dest_clk
  Path Type:              Hold (Min at Fast Process Corner)
  Requirement:            0.000ns  (dest_clk rise@0.000ns - dest_clk rise@0.000ns)
  Data Path Delay:        0.597ns  (logic 0.186ns (31.158%)  route 0.411ns (68.842%))
  Logic Levels:           1  (LUT2=1)
  Clock Path Skew:        0.015ns (DCD - SCD - CPR)
    Destination Clock Delay (DCD):    1.962ns
    Source Clock Delay      (SCD):    1.446ns
    Clock Pessimism Removal (CPR):    0.501ns

    Location             Delay type                Incr(ns)  Path(ns)    Netlist Resource(s)
  -------------------------------------------------------------------    -------------------
                         (clock dest_clk rise edge)
                                                      0.000     0.000 r  
    K11                                               0.000     0.000 r  dest_clk (IN)
                         net (fo=0)                   0.000     0.000    dest_clk
    K11                  IBUF (Prop_ibuf_I_O)         0.201     0.201 r  dest_clk_IBUF_inst/O
                         net (fo=1, routed)           0.627     0.828    dest_clk_IBUF
    BUFGCTRL_X0Y0        BUFG (Prop_bufg_I_O)         0.026     0.854 r  dest_clk_IBUF_BUFG_inst/O
                         net (fo=8, routed)           0.592     1.446    dest_clk_IBUF_BUFG
    SLICE_X43Y6          FDCE                                         r  dest_sync3_reg/C
  -------------------------------------------------------------------    -------------------
    SLICE_X43Y6          FDCE (Prop_fdce_C_Q)         0.141     1.587 f  dest_sync3_reg/Q
                         net (fo=2, routed)           0.224     1.811    dest_sync3
    SLICE_X43Y6          LUT2 (Prop_lut2_I1_O)        0.045     1.856 r  dest_data[3]_i_1/O
                         net (fo=4, routed)           0.187     2.043    en_dest
    SLICE_X42Y7          FDCE                                         r  dest_data_reg[1]/CE
  -------------------------------------------------------------------    -------------------

                         (clock dest_clk rise edge)
                                                      0.000     0.000 r  
    K11                                               0.000     0.000 r  dest_clk (IN)
                         net (fo=0)                   0.000     0.000    dest_clk
    K11                  IBUF (Prop_ibuf_I_O)         0.390     0.390 r  dest_clk_IBUF_inst/O
                         net (fo=1, routed)           0.683     1.073    dest_clk_IBUF
    BUFGCTRL_X0Y0        BUFG (Prop_bufg_I_O)         0.029     1.102 r  dest_clk_IBUF_BUFG_inst/O
                         net (fo=8, routed)           0.860     1.962    dest_clk_IBUF_BUFG
    SLICE_X42Y7          FDCE                                         r  dest_data_reg[1]/C
                         clock pessimism             -0.501     1.461    
    SLICE_X42Y7          FDCE (Hold_fdce_C_CE)       -0.016     1.445    dest_data_reg[1]
  -------------------------------------------------------------------
                         required time                         -1.445    
                         arrival time                           2.043    
  -------------------------------------------------------------------
                         slack                                  0.598    

Slack (MET) :             0.598ns  (arrival time - required time)
  Source:                 dest_sync3_reg/C
                            (rising edge-triggered cell FDCE clocked by dest_clk  {rise@0.000ns fall@7.000ns period=14.000ns})
  Destination:            dest_data_reg[2]/CE
                            (rising edge-triggered cell FDCE clocked by dest_clk  {rise@0.000ns fall@7.000ns period=14.000ns})
  Path Group:             dest_clk
  Path Type:              Hold (Min at Fast Process Corner)
  Requirement:            0.000ns  (dest_clk rise@0.000ns - dest_clk rise@0.000ns)
  Data Path Delay:        0.597ns  (logic 0.186ns (31.158%)  route 0.411ns (68.842%))
  Logic Levels:           1  (LUT2=1)
  Clock Path Skew:        0.015ns (DCD - SCD - CPR)
    Destination Clock Delay (DCD):    1.962ns
    Source Clock Delay      (SCD):    1.446ns
    Clock Pessimism Removal (CPR):    0.501ns

    Location             Delay type                Incr(ns)  Path(ns)    Netlist Resource(s)
  -------------------------------------------------------------------    -------------------
                         (clock dest_clk rise edge)
                                                      0.000     0.000 r  
    K11                                               0.000     0.000 r  dest_clk (IN)
                         net (fo=0)                   0.000     0.000    dest_clk
    K11                  IBUF (Prop_ibuf_I_O)         0.201     0.201 r  dest_clk_IBUF_inst/O
                         net (fo=1, routed)           0.627     0.828    dest_clk_IBUF
    BUFGCTRL_X0Y0        BUFG (Prop_bufg_I_O)         0.026     0.854 r  dest_clk_IBUF_BUFG_inst/O
                         net (fo=8, routed)           0.592     1.446    dest_clk_IBUF_BUFG
    SLICE_X43Y6          FDCE                                         r  dest_sync3_reg/C
  -------------------------------------------------------------------    -------------------
    SLICE_X43Y6          FDCE (Prop_fdce_C_Q)         0.141     1.587 f  dest_sync3_reg/Q
                         net (fo=2, routed)           0.224     1.811    dest_sync3
    SLICE_X43Y6          LUT2 (Prop_lut2_I1_O)        0.045     1.856 r  dest_data[3]_i_1/O
                         net (fo=4, routed)           0.187     2.043    en_dest
    SLICE_X42Y7          FDCE                                         r  dest_data_reg[2]/CE
  -------------------------------------------------------------------    -------------------

                         (clock dest_clk rise edge)
                                                      0.000     0.000 r  
    K11                                               0.000     0.000 r  dest_clk (IN)
                         net (fo=0)                   0.000     0.000    dest_clk
    K11                  IBUF (Prop_ibuf_I_O)         0.390     0.390 r  dest_clk_IBUF_inst/O
                         net (fo=1, routed)           0.683     1.073    dest_clk_IBUF
    BUFGCTRL_X0Y0        BUFG (Prop_bufg_I_O)         0.029     1.102 r  dest_clk_IBUF_BUFG_inst/O
                         net (fo=8, routed)           0.860     1.962    dest_clk_IBUF_BUFG
    SLICE_X42Y7          FDCE                                         r  dest_data_reg[2]/C
                         clock pessimism             -0.501     1.461    
    SLICE_X42Y7          FDCE (Hold_fdce_C_CE)       -0.016     1.445    dest_data_reg[2]
  -------------------------------------------------------------------
                         required time                         -1.445    
                         arrival time                           2.043    
  -------------------------------------------------------------------
                         slack                                  0.598    

Slack (MET) :             0.598ns  (arrival time - required time)
  Source:                 dest_sync3_reg/C
                            (rising edge-triggered cell FDCE clocked by dest_clk  {rise@0.000ns fall@7.000ns period=14.000ns})
  Destination:            dest_data_reg[3]/CE
                            (rising edge-triggered cell FDCE clocked by dest_clk  {rise@0.000ns fall@7.000ns period=14.000ns})
  Path Group:             dest_clk
  Path Type:              Hold (Min at Fast Process Corner)
  Requirement:            0.000ns  (dest_clk rise@0.000ns - dest_clk rise@0.000ns)
  Data Path Delay:        0.597ns  (logic 0.186ns (31.158%)  route 0.411ns (68.842%))
  Logic Levels:           1  (LUT2=1)
  Clock Path Skew:        0.015ns (DCD - SCD - CPR)
    Destination Clock Delay (DCD):    1.962ns
    Source Clock Delay      (SCD):    1.446ns
    Clock Pessimism Removal (CPR):    0.501ns

    Location             Delay type                Incr(ns)  Path(ns)    Netlist Resource(s)
  -------------------------------------------------------------------    -------------------
                         (clock dest_clk rise edge)
                                                      0.000     0.000 r  
    K11                                               0.000     0.000 r  dest_clk (IN)
                         net (fo=0)                   0.000     0.000    dest_clk
    K11                  IBUF (Prop_ibuf_I_O)         0.201     0.201 r  dest_clk_IBUF_inst/O
                         net (fo=1, routed)           0.627     0.828    dest_clk_IBUF
    BUFGCTRL_X0Y0        BUFG (Prop_bufg_I_O)         0.026     0.854 r  dest_clk_IBUF_BUFG_inst/O
                         net (fo=8, routed)           0.592     1.446    dest_clk_IBUF_BUFG
    SLICE_X43Y6          FDCE                                         r  dest_sync3_reg/C
  -------------------------------------------------------------------    -------------------
    SLICE_X43Y6          FDCE (Prop_fdce_C_Q)         0.141     1.587 f  dest_sync3_reg/Q
                         net (fo=2, routed)           0.224     1.811    dest_sync3
    SLICE_X43Y6          LUT2 (Prop_lut2_I1_O)        0.045     1.856 r  dest_data[3]_i_1/O
                         net (fo=4, routed)           0.187     2.043    en_dest
    SLICE_X42Y7          FDCE                                         r  dest_data_reg[3]/CE
  -------------------------------------------------------------------    -------------------

                         (clock dest_clk rise edge)
                                                      0.000     0.000 r  
    K11                                               0.000     0.000 r  dest_clk (IN)
                         net (fo=0)                   0.000     0.000    dest_clk
    K11                  IBUF (Prop_ibuf_I_O)         0.390     0.390 r  dest_clk_IBUF_inst/O
                         net (fo=1, routed)           0.683     1.073    dest_clk_IBUF
    BUFGCTRL_X0Y0        BUFG (Prop_bufg_I_O)         0.029     1.102 r  dest_clk_IBUF_BUFG_inst/O
                         net (fo=8, routed)           0.860     1.962    dest_clk_IBUF_BUFG
    SLICE_X42Y7          FDCE                                         r  dest_data_reg[3]/C
                         clock pessimism             -0.501     1.461    
    SLICE_X42Y7          FDCE (Hold_fdce_C_CE)       -0.016     1.445    dest_data_reg[3]
  -------------------------------------------------------------------
                         required time                         -1.445    
                         arrival time                           2.043    
  -------------------------------------------------------------------
                         slack                                  0.598    





Pulse Width Checks
--------------------------------------------------------------------------------------
Clock Name:         dest_clk
Waveform(ns):       { 0.000 7.000 }
Period(ns):         14.000
Sources:            { dest_clk }

Check Type        Corner  Lib Pin  Reference Pin  Required(ns)  Actual(ns)  Slack(ns)  Location       Pin
Min Period        n/a     BUFG/I   n/a            2.155         14.000      11.845     BUFGCTRL_X0Y0  dest_clk_IBUF_BUFG_inst/I
Min Period        n/a     FDCE/C   n/a            1.000         14.000      13.000     SLICE_X42Y7    dest_data_reg[0]/C
Min Period        n/a     FDCE/C   n/a            1.000         14.000      13.000     SLICE_X42Y7    dest_data_reg[1]/C
Min Period        n/a     FDCE/C   n/a            1.000         14.000      13.000     SLICE_X42Y7    dest_data_reg[2]/C
Min Period        n/a     FDCE/C   n/a            1.000         14.000      13.000     SLICE_X42Y7    dest_data_reg[3]/C
Min Period        n/a     FDCE/C   n/a            1.000         14.000      13.000     SLICE_X43Y6    dest_sync1_reg/C
Min Period        n/a     FDCE/C   n/a            1.000         14.000      13.000     SLICE_X43Y6    dest_sync2_reg/C
Min Period        n/a     FDCE/C   n/a            1.000         14.000      13.000     SLICE_X43Y6    dest_sync3_reg/C
Min Period        n/a     FDCE/C   n/a            1.000         14.000      13.000     SLICE_X43Y6    handshake_dest_reg/C
Low Pulse Width   Slow    FDCE/C   n/a            0.500         7.000       6.500      SLICE_X42Y7    dest_data_reg[0]/C
Low Pulse Width   Fast    FDCE/C   n/a            0.500         7.000       6.500      SLICE_X42Y7    dest_data_reg[0]/C
Low Pulse Width   Slow    FDCE/C   n/a            0.500         7.000       6.500      SLICE_X42Y7    dest_data_reg[1]/C
Low Pulse Width   Fast    FDCE/C   n/a            0.500         7.000       6.500      SLICE_X42Y7    dest_data_reg[1]/C
Low Pulse Width   Slow    FDCE/C   n/a            0.500         7.000       6.500      SLICE_X42Y7    dest_data_reg[2]/C
Low Pulse Width   Fast    FDCE/C   n/a            0.500         7.000       6.500      SLICE_X42Y7    dest_data_reg[2]/C
Low Pulse Width   Slow    FDCE/C   n/a            0.500         7.000       6.500      SLICE_X42Y7    dest_data_reg[3]/C
Low Pulse Width   Fast    FDCE/C   n/a            0.500         7.000       6.500      SLICE_X42Y7    dest_data_reg[3]/C
Low Pulse Width   Slow    FDCE/C   n/a            0.500         7.000       6.500      SLICE_X43Y6    dest_sync1_reg/C
Low Pulse Width   Fast    FDCE/C   n/a            0.500         7.000       6.500      SLICE_X43Y6    dest_sync1_reg/C
High Pulse Width  Slow    FDCE/C   n/a            0.500         7.000       6.500      SLICE_X42Y7    dest_data_reg[0]/C
High Pulse Width  Fast    FDCE/C   n/a            0.500         7.000       6.500      SLICE_X42Y7    dest_data_reg[0]/C
High Pulse Width  Slow    FDCE/C   n/a            0.500         7.000       6.500      SLICE_X42Y7    dest_data_reg[1]/C
High Pulse Width  Fast    FDCE/C   n/a            0.500         7.000       6.500      SLICE_X42Y7    dest_data_reg[1]/C
High Pulse Width  Slow    FDCE/C   n/a            0.500         7.000       6.500      SLICE_X42Y7    dest_data_reg[2]/C
High Pulse Width  Fast    FDCE/C   n/a            0.500         7.000       6.500      SLICE_X42Y7    dest_data_reg[2]/C
High Pulse Width  Slow    FDCE/C   n/a            0.500         7.000       6.500      SLICE_X42Y7    dest_data_reg[3]/C
High Pulse Width  Fast    FDCE/C   n/a            0.500         7.000       6.500      SLICE_X42Y7    dest_data_reg[3]/C
High Pulse Width  Slow    FDCE/C   n/a            0.500         7.000       6.500      SLICE_X43Y6    dest_sync1_reg/C
High Pulse Width  Fast    FDCE/C   n/a            0.500         7.000       6.500      SLICE_X43Y6    dest_sync1_reg/C



---------------------------------------------------------------------------------------------------
From Clock:  src_clk
  To Clock:  src_clk

Setup :            0  Failing Endpoints,  Worst Slack        7.876ns,  Total Violation        0.000ns
Hold  :            0  Failing Endpoints,  Worst Slack        0.235ns,  Total Violation        0.000ns
PW    :            0  Failing Endpoints,  Worst Slack        4.500ns,  Total Violation        0.000ns
---------------------------------------------------------------------------------------------------


Max Delay Paths
--------------------------------------------------------------------------------------
Slack (MET) :             7.876ns  (required time - arrival time)
  Source:                 src_sync3_reg/C
                            (rising edge-triggered cell FDCE clocked by src_clk  {rise@0.000ns fall@5.000ns period=10.000ns})
  Destination:            ff_src_reg[0]/CE
                            (rising edge-triggered cell FDCE clocked by src_clk  {rise@0.000ns fall@5.000ns period=10.000ns})
  Path Group:             src_clk
  Path Type:              Setup (Max at Slow Process Corner)
  Requirement:            10.000ns  (src_clk rise@10.000ns - src_clk rise@0.000ns)
  Data Path Delay:        1.896ns  (logic 0.580ns (30.597%)  route 1.316ns (69.403%))
  Logic Levels:           1  (LUT3=1)
  Clock Path Skew:        -0.024ns (DCD - SCD + CPR)
    Destination Clock Delay (DCD):    4.376ns = ( 14.376 - 10.000 ) 
    Source Clock Delay      (SCD):    4.892ns
    Clock Pessimism Removal (CPR):    0.492ns
  Clock Uncertainty:      0.035ns  ((TSJ^2 + TIJ^2)^1/2 + DJ) / 2 + PE
    Total System Jitter     (TSJ):    0.071ns
    Total Input Jitter      (TIJ):    0.000ns
    Discrete Jitter          (DJ):    0.000ns
    Phase Error              (PE):    0.000ns

    Location             Delay type                Incr(ns)  Path(ns)    Netlist Resource(s)
  -------------------------------------------------------------------    -------------------
                         (clock src_clk rise edge)    0.000     0.000 r  
    N11                                               0.000     0.000 r  src_clk (IN)
                         net (fo=0)                   0.000     0.000    src_clk
    N11                  IBUF (Prop_ibuf_I_O)         0.962     0.962 r  src_clk_IBUF_inst/O
                         net (fo=1, routed)           2.076     3.038    src_clk_IBUF
    BUFGCTRL_X0Y1        BUFG (Prop_bufg_I_O)         0.101     3.139 r  src_clk_IBUF_BUFG_inst/O
                         net (fo=8, routed)           1.753     4.892    src_clk_IBUF_BUFG
    SLICE_X43Y7          FDCE                                         r  src_sync3_reg/C
  -------------------------------------------------------------------    -------------------
    SLICE_X43Y7          FDCE (Prop_fdce_C_Q)         0.456     5.348 f  src_sync3_reg/Q
                         net (fo=2, routed)           0.657     6.005    src_sync3
    SLICE_X43Y7          LUT3 (Prop_lut3_I1_O)        0.124     6.129 r  ff_src[3]_i_1/O
                         net (fo=4, routed)           0.658     6.787    ff_src0
    SLICE_X42Y6          FDCE                                         r  ff_src_reg[0]/CE
  -------------------------------------------------------------------    -------------------

                         (clock src_clk rise edge)   10.000    10.000 r  
    N11                                               0.000    10.000 r  src_clk (IN)
                         net (fo=0)                   0.000    10.000    src_clk
    N11                  IBUF (Prop_ibuf_I_O)         0.828    10.828 r  src_clk_IBUF_inst/O
                         net (fo=1, routed)           1.880    12.708    src_clk_IBUF
    BUFGCTRL_X0Y1        BUFG (Prop_bufg_I_O)         0.091    12.799 r  src_clk_IBUF_BUFG_inst/O
                         net (fo=8, routed)           1.576    14.376    src_clk_IBUF_BUFG
    SLICE_X42Y6          FDCE                                         r  ff_src_reg[0]/C
                         clock pessimism              0.492    14.868    
                         clock uncertainty           -0.035    14.832    
    SLICE_X42Y6          FDCE (Setup_fdce_C_CE)      -0.169    14.663    ff_src_reg[0]
  -------------------------------------------------------------------
                         required time                         14.663    
                         arrival time                          -6.787    
  -------------------------------------------------------------------
                         slack                                  7.876    

Slack (MET) :             7.876ns  (required time - arrival time)
  Source:                 src_sync3_reg/C
                            (rising edge-triggered cell FDCE clocked by src_clk  {rise@0.000ns fall@5.000ns period=10.000ns})
  Destination:            ff_src_reg[1]/CE
                            (rising edge-triggered cell FDCE clocked by src_clk  {rise@0.000ns fall@5.000ns period=10.000ns})
  Path Group:             src_clk
  Path Type:              Setup (Max at Slow Process Corner)
  Requirement:            10.000ns  (src_clk rise@10.000ns - src_clk rise@0.000ns)
  Data Path Delay:        1.896ns  (logic 0.580ns (30.597%)  route 1.316ns (69.403%))
  Logic Levels:           1  (LUT3=1)
  Clock Path Skew:        -0.024ns (DCD - SCD + CPR)
    Destination Clock Delay (DCD):    4.376ns = ( 14.376 - 10.000 ) 
    Source Clock Delay      (SCD):    4.892ns
    Clock Pessimism Removal (CPR):    0.492ns
  Clock Uncertainty:      0.035ns  ((TSJ^2 + TIJ^2)^1/2 + DJ) / 2 + PE
    Total System Jitter     (TSJ):    0.071ns
    Total Input Jitter      (TIJ):    0.000ns
    Discrete Jitter          (DJ):    0.000ns
    Phase Error              (PE):    0.000ns

    Location             Delay type                Incr(ns)  Path(ns)    Netlist Resource(s)
  -------------------------------------------------------------------    -------------------
                         (clock src_clk rise edge)    0.000     0.000 r  
    N11                                               0.000     0.000 r  src_clk (IN)
                         net (fo=0)                   0.000     0.000    src_clk
    N11                  IBUF (Prop_ibuf_I_O)         0.962     0.962 r  src_clk_IBUF_inst/O
                         net (fo=1, routed)           2.076     3.038    src_clk_IBUF
    BUFGCTRL_X0Y1        BUFG (Prop_bufg_I_O)         0.101     3.139 r  src_clk_IBUF_BUFG_inst/O
                         net (fo=8, routed)           1.753     4.892    src_clk_IBUF_BUFG
    SLICE_X43Y7          FDCE                                         r  src_sync3_reg/C
  -------------------------------------------------------------------    -------------------
    SLICE_X43Y7          FDCE (Prop_fdce_C_Q)         0.456     5.348 f  src_sync3_reg/Q
                         net (fo=2, routed)           0.657     6.005    src_sync3
    SLICE_X43Y7          LUT3 (Prop_lut3_I1_O)        0.124     6.129 r  ff_src[3]_i_1/O
                         net (fo=4, routed)           0.658     6.787    ff_src0
    SLICE_X42Y6          FDCE                                         r  ff_src_reg[1]/CE
  -------------------------------------------------------------------    -------------------

                         (clock src_clk rise edge)   10.000    10.000 r  
    N11                                               0.000    10.000 r  src_clk (IN)
                         net (fo=0)                   0.000    10.000    src_clk
    N11                  IBUF (Prop_ibuf_I_O)         0.828    10.828 r  src_clk_IBUF_inst/O
                         net (fo=1, routed)           1.880    12.708    src_clk_IBUF
    BUFGCTRL_X0Y1        BUFG (Prop_bufg_I_O)         0.091    12.799 r  src_clk_IBUF_BUFG_inst/O
                         net (fo=8, routed)           1.576    14.376    src_clk_IBUF_BUFG
    SLICE_X42Y6          FDCE                                         r  ff_src_reg[1]/C
                         clock pessimism              0.492    14.868    
                         clock uncertainty           -0.035    14.832    
    SLICE_X42Y6          FDCE (Setup_fdce_C_CE)      -0.169    14.663    ff_src_reg[1]
  -------------------------------------------------------------------
                         required time                         14.663    
                         arrival time                          -6.787    
  -------------------------------------------------------------------
                         slack                                  7.876    

Slack (MET) :             7.876ns  (required time - arrival time)
  Source:                 src_sync3_reg/C
                            (rising edge-triggered cell FDCE clocked by src_clk  {rise@0.000ns fall@5.000ns period=10.000ns})
  Destination:            ff_src_reg[2]/CE
                            (rising edge-triggered cell FDCE clocked by src_clk  {rise@0.000ns fall@5.000ns period=10.000ns})
  Path Group:             src_clk
  Path Type:              Setup (Max at Slow Process Corner)
  Requirement:            10.000ns  (src_clk rise@10.000ns - src_clk rise@0.000ns)
  Data Path Delay:        1.896ns  (logic 0.580ns (30.597%)  route 1.316ns (69.403%))
  Logic Levels:           1  (LUT3=1)
  Clock Path Skew:        -0.024ns (DCD - SCD + CPR)
    Destination Clock Delay (DCD):    4.376ns = ( 14.376 - 10.000 ) 
    Source Clock Delay      (SCD):    4.892ns
    Clock Pessimism Removal (CPR):    0.492ns
  Clock Uncertainty:      0.035ns  ((TSJ^2 + TIJ^2)^1/2 + DJ) / 2 + PE
    Total System Jitter     (TSJ):    0.071ns
    Total Input Jitter      (TIJ):    0.000ns
    Discrete Jitter          (DJ):    0.000ns
    Phase Error              (PE):    0.000ns

    Location             Delay type                Incr(ns)  Path(ns)    Netlist Resource(s)
  -------------------------------------------------------------------    -------------------
                         (clock src_clk rise edge)    0.000     0.000 r  
    N11                                               0.000     0.000 r  src_clk (IN)
                         net (fo=0)                   0.000     0.000    src_clk
    N11                  IBUF (Prop_ibuf_I_O)         0.962     0.962 r  src_clk_IBUF_inst/O
                         net (fo=1, routed)           2.076     3.038    src_clk_IBUF
    BUFGCTRL_X0Y1        BUFG (Prop_bufg_I_O)         0.101     3.139 r  src_clk_IBUF_BUFG_inst/O
                         net (fo=8, routed)           1.753     4.892    src_clk_IBUF_BUFG
    SLICE_X43Y7          FDCE                                         r  src_sync3_reg/C
  -------------------------------------------------------------------    -------------------
    SLICE_X43Y7          FDCE (Prop_fdce_C_Q)         0.456     5.348 f  src_sync3_reg/Q
                         net (fo=2, routed)           0.657     6.005    src_sync3
    SLICE_X43Y7          LUT3 (Prop_lut3_I1_O)        0.124     6.129 r  ff_src[3]_i_1/O
                         net (fo=4, routed)           0.658     6.787    ff_src0
    SLICE_X42Y6          FDCE                                         r  ff_src_reg[2]/CE
  -------------------------------------------------------------------    -------------------

                         (clock src_clk rise edge)   10.000    10.000 r  
    N11                                               0.000    10.000 r  src_clk (IN)
                         net (fo=0)                   0.000    10.000    src_clk
    N11                  IBUF (Prop_ibuf_I_O)         0.828    10.828 r  src_clk_IBUF_inst/O
                         net (fo=1, routed)           1.880    12.708    src_clk_IBUF
    BUFGCTRL_X0Y1        BUFG (Prop_bufg_I_O)         0.091    12.799 r  src_clk_IBUF_BUFG_inst/O
                         net (fo=8, routed)           1.576    14.376    src_clk_IBUF_BUFG
    SLICE_X42Y6          FDCE                                         r  ff_src_reg[2]/C
                         clock pessimism              0.492    14.868    
                         clock uncertainty           -0.035    14.832    
    SLICE_X42Y6          FDCE (Setup_fdce_C_CE)      -0.169    14.663    ff_src_reg[2]
  -------------------------------------------------------------------
                         required time                         14.663    
                         arrival time                          -6.787    
  -------------------------------------------------------------------
                         slack                                  7.876    

Slack (MET) :             7.876ns  (required time - arrival time)
  Source:                 src_sync3_reg/C
                            (rising edge-triggered cell FDCE clocked by src_clk  {rise@0.000ns fall@5.000ns period=10.000ns})
  Destination:            ff_src_reg[3]/CE
                            (rising edge-triggered cell FDCE clocked by src_clk  {rise@0.000ns fall@5.000ns period=10.000ns})
  Path Group:             src_clk
  Path Type:              Setup (Max at Slow Process Corner)
  Requirement:            10.000ns  (src_clk rise@10.000ns - src_clk rise@0.000ns)
  Data Path Delay:        1.896ns  (logic 0.580ns (30.597%)  route 1.316ns (69.403%))
  Logic Levels:           1  (LUT3=1)
  Clock Path Skew:        -0.024ns (DCD - SCD + CPR)
    Destination Clock Delay (DCD):    4.376ns = ( 14.376 - 10.000 ) 
    Source Clock Delay      (SCD):    4.892ns
    Clock Pessimism Removal (CPR):    0.492ns
  Clock Uncertainty:      0.035ns  ((TSJ^2 + TIJ^2)^1/2 + DJ) / 2 + PE
    Total System Jitter     (TSJ):    0.071ns
    Total Input Jitter      (TIJ):    0.000ns
    Discrete Jitter          (DJ):    0.000ns
    Phase Error              (PE):    0.000ns

    Location             Delay type                Incr(ns)  Path(ns)    Netlist Resource(s)
  -------------------------------------------------------------------    -------------------
                         (clock src_clk rise edge)    0.000     0.000 r  
    N11                                               0.000     0.000 r  src_clk (IN)
                         net (fo=0)                   0.000     0.000    src_clk
    N11                  IBUF (Prop_ibuf_I_O)         0.962     0.962 r  src_clk_IBUF_inst/O
                         net (fo=1, routed)           2.076     3.038    src_clk_IBUF
    BUFGCTRL_X0Y1        BUFG (Prop_bufg_I_O)         0.101     3.139 r  src_clk_IBUF_BUFG_inst/O
                         net (fo=8, routed)           1.753     4.892    src_clk_IBUF_BUFG
    SLICE_X43Y7          FDCE                                         r  src_sync3_reg/C
  -------------------------------------------------------------------    -------------------
    SLICE_X43Y7          FDCE (Prop_fdce_C_Q)         0.456     5.348 f  src_sync3_reg/Q
                         net (fo=2, routed)           0.657     6.005    src_sync3
    SLICE_X43Y7          LUT3 (Prop_lut3_I1_O)        0.124     6.129 r  ff_src[3]_i_1/O
                         net (fo=4, routed)           0.658     6.787    ff_src0
    SLICE_X42Y6          FDCE                                         r  ff_src_reg[3]/CE
  -------------------------------------------------------------------    -------------------

                         (clock src_clk rise edge)   10.000    10.000 r  
    N11                                               0.000    10.000 r  src_clk (IN)
                         net (fo=0)                   0.000    10.000    src_clk
    N11                  IBUF (Prop_ibuf_I_O)         0.828    10.828 r  src_clk_IBUF_inst/O
                         net (fo=1, routed)           1.880    12.708    src_clk_IBUF
    BUFGCTRL_X0Y1        BUFG (Prop_bufg_I_O)         0.091    12.799 r  src_clk_IBUF_BUFG_inst/O
                         net (fo=8, routed)           1.576    14.376    src_clk_IBUF_BUFG
    SLICE_X42Y6          FDCE                                         r  ff_src_reg[3]/C
                         clock pessimism              0.492    14.868    
                         clock uncertainty           -0.035    14.832    
    SLICE_X42Y6          FDCE (Setup_fdce_C_CE)      -0.169    14.663    ff_src_reg[3]
  -------------------------------------------------------------------
                         required time                         14.663    
                         arrival time                          -6.787    
  -------------------------------------------------------------------
                         slack                                  7.876    

Slack (MET) :             8.586ns  (required time - arrival time)
  Source:                 handshake_src_reg/C
                            (rising edge-triggered cell FDCE clocked by src_clk  {rise@0.000ns fall@5.000ns period=10.000ns})
  Destination:            handshake_src_reg/D
                            (rising edge-triggered cell FDCE clocked by src_clk  {rise@0.000ns fall@5.000ns period=10.000ns})
  Path Group:             src_clk
  Path Type:              Setup (Max at Slow Process Corner)
  Requirement:            10.000ns  (src_clk rise@10.000ns - src_clk rise@0.000ns)
  Data Path Delay:        1.407ns  (logic 0.580ns (41.212%)  route 0.827ns (58.788%))
  Logic Levels:           1  (LUT3=1)
  Clock Path Skew:        0.000ns (DCD - SCD + CPR)
    Destination Clock Delay (DCD):    4.375ns = ( 14.375 - 10.000 ) 
    Source Clock Delay      (SCD):    4.892ns
    Clock Pessimism Removal (CPR):    0.517ns
  Clock Uncertainty:      0.035ns  ((TSJ^2 + TIJ^2)^1/2 + DJ) / 2 + PE
    Total System Jitter     (TSJ):    0.071ns
    Total Input Jitter      (TIJ):    0.000ns
    Discrete Jitter          (DJ):    0.000ns
    Phase Error              (PE):    0.000ns

    Location             Delay type                Incr(ns)  Path(ns)    Netlist Resource(s)
  -------------------------------------------------------------------    -------------------
                         (clock src_clk rise edge)    0.000     0.000 r  
    N11                                               0.000     0.000 r  src_clk (IN)
                         net (fo=0)                   0.000     0.000    src_clk
    N11                  IBUF (Prop_ibuf_I_O)         0.962     0.962 r  src_clk_IBUF_inst/O
                         net (fo=1, routed)           2.076     3.038    src_clk_IBUF
    BUFGCTRL_X0Y1        BUFG (Prop_bufg_I_O)         0.101     3.139 r  src_clk_IBUF_BUFG_inst/O
                         net (fo=8, routed)           1.753     4.892    src_clk_IBUF_BUFG
    SLICE_X43Y7          FDCE                                         r  handshake_src_reg/C
  -------------------------------------------------------------------    -------------------
    SLICE_X43Y7          FDCE (Prop_fdce_C_Q)         0.456     5.348 r  handshake_src_reg/Q
                         net (fo=3, routed)           0.827     6.175    handshake_src_reg_n_0
    SLICE_X43Y7          LUT3 (Prop_lut3_I0_O)        0.124     6.299 r  handshake_src_i_1/O
                         net (fo=1, routed)           0.000     6.299    handshake_src_i_1_n_0
    SLICE_X43Y7          FDCE                                         r  handshake_src_reg/D
  -------------------------------------------------------------------    -------------------

                         (clock src_clk rise edge)   10.000    10.000 r  
    N11                                               0.000    10.000 r  src_clk (IN)
                         net (fo=0)                   0.000    10.000    src_clk
    N11                  IBUF (Prop_ibuf_I_O)         0.828    10.828 r  src_clk_IBUF_inst/O
                         net (fo=1, routed)           1.880    12.708    src_clk_IBUF
    BUFGCTRL_X0Y1        BUFG (Prop_bufg_I_O)         0.091    12.799 r  src_clk_IBUF_BUFG_inst/O
                         net (fo=8, routed)           1.575    14.375    src_clk_IBUF_BUFG
    SLICE_X43Y7          FDCE                                         r  handshake_src_reg/C
                         clock pessimism              0.517    14.892    
                         clock uncertainty           -0.035    14.856    
    SLICE_X43Y7          FDCE (Setup_fdce_C_D)        0.029    14.885    handshake_src_reg
  -------------------------------------------------------------------
                         required time                         14.885    
                         arrival time                          -6.299    
  -------------------------------------------------------------------
                         slack                                  8.586    

Slack (MET) :             8.791ns  (required time - arrival time)
  Source:                 src_sync2_reg/C
                            (rising edge-triggered cell FDCE clocked by src_clk  {rise@0.000ns fall@5.000ns period=10.000ns})
  Destination:            src_sync3_reg/D
                            (rising edge-triggered cell FDCE clocked by src_clk  {rise@0.000ns fall@5.000ns period=10.000ns})
  Path Group:             src_clk
  Path Type:              Setup (Max at Slow Process Corner)
  Requirement:            10.000ns  (src_clk rise@10.000ns - src_clk rise@0.000ns)
  Data Path Delay:        1.113ns  (logic 0.456ns (40.971%)  route 0.657ns (59.029%))
  Logic Levels:           0  
  Clock Path Skew:        0.000ns (DCD - SCD + CPR)
    Destination Clock Delay (DCD):    4.375ns = ( 14.375 - 10.000 ) 
    Source Clock Delay      (SCD):    4.892ns
    Clock Pessimism Removal (CPR):    0.517ns
  Clock Uncertainty:      0.035ns  ((TSJ^2 + TIJ^2)^1/2 + DJ) / 2 + PE
    Total System Jitter     (TSJ):    0.071ns
    Total Input Jitter      (TIJ):    0.000ns
    Discrete Jitter          (DJ):    0.000ns
    Phase Error              (PE):    0.000ns

    Location             Delay type                Incr(ns)  Path(ns)    Netlist Resource(s)
  -------------------------------------------------------------------    -------------------
                         (clock src_clk rise edge)    0.000     0.000 r  
    N11                                               0.000     0.000 r  src_clk (IN)
                         net (fo=0)                   0.000     0.000    src_clk
    N11                  IBUF (Prop_ibuf_I_O)         0.962     0.962 r  src_clk_IBUF_inst/O
                         net (fo=1, routed)           2.076     3.038    src_clk_IBUF
    BUFGCTRL_X0Y1        BUFG (Prop_bufg_I_O)         0.101     3.139 r  src_clk_IBUF_BUFG_inst/O
                         net (fo=8, routed)           1.753     4.892    src_clk_IBUF_BUFG
    SLICE_X43Y7          FDCE                                         r  src_sync2_reg/C
  -------------------------------------------------------------------    -------------------
    SLICE_X43Y7          FDCE (Prop_fdce_C_Q)         0.456     5.348 r  src_sync2_reg/Q
                         net (fo=1, routed)           0.657     6.005    src_sync2
    SLICE_X43Y7          FDCE                                         r  src_sync3_reg/D
  -------------------------------------------------------------------    -------------------

                         (clock src_clk rise edge)   10.000    10.000 r  
    N11                                               0.000    10.000 r  src_clk (IN)
                         net (fo=0)                   0.000    10.000    src_clk
    N11                  IBUF (Prop_ibuf_I_O)         0.828    10.828 r  src_clk_IBUF_inst/O
                         net (fo=1, routed)           1.880    12.708    src_clk_IBUF
    BUFGCTRL_X0Y1        BUFG (Prop_bufg_I_O)         0.091    12.799 r  src_clk_IBUF_BUFG_inst/O
                         net (fo=8, routed)           1.575    14.375    src_clk_IBUF_BUFG
    SLICE_X43Y7          FDCE                                         r  src_sync3_reg/C
                         clock pessimism              0.517    14.892    
                         clock uncertainty           -0.035    14.856    
    SLICE_X43Y7          FDCE (Setup_fdce_C_D)       -0.061    14.795    src_sync3_reg
  -------------------------------------------------------------------
                         required time                         14.795    
                         arrival time                          -6.005    
  -------------------------------------------------------------------
                         slack                                  8.791    

Slack (MET) :             8.907ns  (required time - arrival time)
  Source:                 src_sync1_reg/C
                            (rising edge-triggered cell FDCE clocked by src_clk  {rise@0.000ns fall@5.000ns period=10.000ns})
  Destination:            src_sync2_reg/D
                            (rising edge-triggered cell FDCE clocked by src_clk  {rise@0.000ns fall@5.000ns period=10.000ns})
  Path Group:             src_clk
  Path Type:              Setup (Max at Slow Process Corner)
  Requirement:            10.000ns  (src_clk rise@10.000ns - src_clk rise@0.000ns)
  Data Path Delay:        0.801ns  (logic 0.419ns (52.283%)  route 0.382ns (47.717%))
  Logic Levels:           0  
  Clock Path Skew:        0.000ns (DCD - SCD + CPR)
    Destination Clock Delay (DCD):    4.375ns = ( 14.375 - 10.000 ) 
    Source Clock Delay      (SCD):    4.892ns
    Clock Pessimism Removal (CPR):    0.517ns
  Clock Uncertainty:      0.035ns  ((TSJ^2 + TIJ^2)^1/2 + DJ) / 2 + PE
    Total System Jitter     (TSJ):    0.071ns
    Total Input Jitter      (TIJ):    0.000ns
    Discrete Jitter          (DJ):    0.000ns
    Phase Error              (PE):    0.000ns

    Location             Delay type                Incr(ns)  Path(ns)    Netlist Resource(s)
  -------------------------------------------------------------------    -------------------
                         (clock src_clk rise edge)    0.000     0.000 r  
    N11                                               0.000     0.000 r  src_clk (IN)
                         net (fo=0)                   0.000     0.000    src_clk
    N11                  IBUF (Prop_ibuf_I_O)         0.962     0.962 r  src_clk_IBUF_inst/O
                         net (fo=1, routed)           2.076     3.038    src_clk_IBUF
    BUFGCTRL_X0Y1        BUFG (Prop_bufg_I_O)         0.101     3.139 r  src_clk_IBUF_BUFG_inst/O
                         net (fo=8, routed)           1.753     4.892    src_clk_IBUF_BUFG
    SLICE_X43Y7          FDCE                                         r  src_sync1_reg/C
  -------------------------------------------------------------------    -------------------
    SLICE_X43Y7          FDCE (Prop_fdce_C_Q)         0.419     5.311 r  src_sync1_reg/Q
                         net (fo=1, routed)           0.382     5.693    src_sync1
    SLICE_X43Y7          FDCE                                         r  src_sync2_reg/D
  -------------------------------------------------------------------    -------------------

                         (clock src_clk rise edge)   10.000    10.000 r  
    N11                                               0.000    10.000 r  src_clk (IN)
                         net (fo=0)                   0.000    10.000    src_clk
    N11                  IBUF (Prop_ibuf_I_O)         0.828    10.828 r  src_clk_IBUF_inst/O
                         net (fo=1, routed)           1.880    12.708    src_clk_IBUF
    BUFGCTRL_X0Y1        BUFG (Prop_bufg_I_O)         0.091    12.799 r  src_clk_IBUF_BUFG_inst/O
                         net (fo=8, routed)           1.575    14.375    src_clk_IBUF_BUFG
    SLICE_X43Y7          FDCE                                         r  src_sync2_reg/C
                         clock pessimism              0.517    14.892    
                         clock uncertainty           -0.035    14.856    
    SLICE_X43Y7          FDCE (Setup_fdce_C_D)       -0.256    14.600    src_sync2_reg
  -------------------------------------------------------------------
                         required time                         14.600    
                         arrival time                          -5.693    
  -------------------------------------------------------------------
                         slack                                  8.907    





Min Delay Paths
--------------------------------------------------------------------------------------
Slack (MET) :             0.235ns  (arrival time - required time)
  Source:                 src_sync1_reg/C
                            (rising edge-triggered cell FDCE clocked by src_clk  {rise@0.000ns fall@5.000ns period=10.000ns})
  Destination:            src_sync2_reg/D
                            (rising edge-triggered cell FDCE clocked by src_clk  {rise@0.000ns fall@5.000ns period=10.000ns})
  Path Group:             src_clk
  Path Type:              Hold (Min at Fast Process Corner)
  Requirement:            0.000ns  (src_clk rise@0.000ns - src_clk rise@0.000ns)
  Data Path Delay:        0.247ns  (logic 0.128ns (51.736%)  route 0.119ns (48.264%))
  Logic Levels:           0  
  Clock Path Skew:        0.000ns (DCD - SCD - CPR)
    Destination Clock Delay (DCD):    1.951ns
    Source Clock Delay      (SCD):    1.434ns
    Clock Pessimism Removal (CPR):    0.517ns

    Location             Delay type                Incr(ns)  Path(ns)    Netlist Resource(s)
  -------------------------------------------------------------------    -------------------
                         (clock src_clk rise edge)    0.000     0.000 r  
    N11                                               0.000     0.000 r  src_clk (IN)
                         net (fo=0)                   0.000     0.000    src_clk
    N11                  IBUF (Prop_ibuf_I_O)         0.191     0.191 r  src_clk_IBUF_inst/O
                         net (fo=1, routed)           0.627     0.818    src_clk_IBUF
    BUFGCTRL_X0Y1        BUFG (Prop_bufg_I_O)         0.026     0.844 r  src_clk_IBUF_BUFG_inst/O
                         net (fo=8, routed)           0.591     1.434    src_clk_IBUF_BUFG
    SLICE_X43Y7          FDCE                                         r  src_sync1_reg/C
  -------------------------------------------------------------------    -------------------
    SLICE_X43Y7          FDCE (Prop_fdce_C_Q)         0.128     1.562 r  src_sync1_reg/Q
                         net (fo=1, routed)           0.119     1.682    src_sync1
    SLICE_X43Y7          FDCE                                         r  src_sync2_reg/D
  -------------------------------------------------------------------    -------------------

                         (clock src_clk rise edge)    0.000     0.000 r  
    N11                                               0.000     0.000 r  src_clk (IN)
                         net (fo=0)                   0.000     0.000    src_clk
    N11                  IBUF (Prop_ibuf_I_O)         0.379     0.379 r  src_clk_IBUF_inst/O
                         net (fo=1, routed)           0.683     1.062    src_clk_IBUF
    BUFGCTRL_X0Y1        BUFG (Prop_bufg_I_O)         0.029     1.091 r  src_clk_IBUF_BUFG_inst/O
                         net (fo=8, routed)           0.860     1.951    src_clk_IBUF_BUFG
    SLICE_X43Y7          FDCE                                         r  src_sync2_reg/C
                         clock pessimism             -0.517     1.434    
    SLICE_X43Y7          FDCE (Hold_fdce_C_D)         0.012     1.446    src_sync2_reg
  -------------------------------------------------------------------
                         required time                         -1.446    
                         arrival time                           1.682    
  -------------------------------------------------------------------
                         slack                                  0.235    

Slack (MET) :             0.317ns  (arrival time - required time)
  Source:                 src_sync3_reg/C
                            (rising edge-triggered cell FDCE clocked by src_clk  {rise@0.000ns fall@5.000ns period=10.000ns})
  Destination:            handshake_src_reg/D
                            (rising edge-triggered cell FDCE clocked by src_clk  {rise@0.000ns fall@5.000ns period=10.000ns})
  Path Group:             src_clk
  Path Type:              Hold (Min at Fast Process Corner)
  Requirement:            0.000ns  (src_clk rise@0.000ns - src_clk rise@0.000ns)
  Data Path Delay:        0.408ns  (logic 0.186ns (45.565%)  route 0.222ns (54.435%))
  Logic Levels:           1  (LUT3=1)
  Clock Path Skew:        0.000ns (DCD - SCD - CPR)
    Destination Clock Delay (DCD):    1.951ns
    Source Clock Delay      (SCD):    1.434ns
    Clock Pessimism Removal (CPR):    0.517ns

    Location             Delay type                Incr(ns)  Path(ns)    Netlist Resource(s)
  -------------------------------------------------------------------    -------------------
                         (clock src_clk rise edge)    0.000     0.000 r  
    N11                                               0.000     0.000 r  src_clk (IN)
                         net (fo=0)                   0.000     0.000    src_clk
    N11                  IBUF (Prop_ibuf_I_O)         0.191     0.191 r  src_clk_IBUF_inst/O
                         net (fo=1, routed)           0.627     0.818    src_clk_IBUF
    BUFGCTRL_X0Y1        BUFG (Prop_bufg_I_O)         0.026     0.844 r  src_clk_IBUF_BUFG_inst/O
                         net (fo=8, routed)           0.591     1.434    src_clk_IBUF_BUFG
    SLICE_X43Y7          FDCE                                         r  src_sync3_reg/C
  -------------------------------------------------------------------    -------------------
    SLICE_X43Y7          FDCE (Prop_fdce_C_Q)         0.141     1.575 f  src_sync3_reg/Q
                         net (fo=2, routed)           0.222     1.798    src_sync3
    SLICE_X43Y7          LUT3 (Prop_lut3_I2_O)        0.045     1.843 r  handshake_src_i_1/O
                         net (fo=1, routed)           0.000     1.843    handshake_src_i_1_n_0
    SLICE_X43Y7          FDCE                                         r  handshake_src_reg/D
  -------------------------------------------------------------------    -------------------

                         (clock src_clk rise edge)    0.000     0.000 r  
    N11                                               0.000     0.000 r  src_clk (IN)
                         net (fo=0)                   0.000     0.000    src_clk
    N11                  IBUF (Prop_ibuf_I_O)         0.379     0.379 r  src_clk_IBUF_inst/O
                         net (fo=1, routed)           0.683     1.062    src_clk_IBUF
    BUFGCTRL_X0Y1        BUFG (Prop_bufg_I_O)         0.029     1.091 r  src_clk_IBUF_BUFG_inst/O
                         net (fo=8, routed)           0.860     1.951    src_clk_IBUF_BUFG
    SLICE_X43Y7          FDCE                                         r  handshake_src_reg/C
                         clock pessimism             -0.517     1.434    
    SLICE_X43Y7          FDCE (Hold_fdce_C_D)         0.091     1.525    handshake_src_reg
  -------------------------------------------------------------------
                         required time                         -1.525    
                         arrival time                           1.843    
  -------------------------------------------------------------------
                         slack                                  0.317    

Slack (MET) :             0.398ns  (arrival time - required time)
  Source:                 src_sync2_reg/C
                            (rising edge-triggered cell FDCE clocked by src_clk  {rise@0.000ns fall@5.000ns period=10.000ns})
  Destination:            src_sync3_reg/D
                            (rising edge-triggered cell FDCE clocked by src_clk  {rise@0.000ns fall@5.000ns period=10.000ns})
  Path Group:             src_clk
  Path Type:              Hold (Min at Fast Process Corner)
  Requirement:            0.000ns  (src_clk rise@0.000ns - src_clk rise@0.000ns)
  Data Path Delay:        0.468ns  (logic 0.141ns (30.130%)  route 0.327ns (69.870%))
  Logic Levels:           0  
  Clock Path Skew:        0.000ns (DCD - SCD - CPR)
    Destination Clock Delay (DCD):    1.951ns
    Source Clock Delay      (SCD):    1.434ns
    Clock Pessimism Removal (CPR):    0.517ns

    Location             Delay type                Incr(ns)  Path(ns)    Netlist Resource(s)
  -------------------------------------------------------------------    -------------------
                         (clock src_clk rise edge)    0.000     0.000 r  
    N11                                               0.000     0.000 r  src_clk (IN)
                         net (fo=0)                   0.000     0.000    src_clk
    N11                  IBUF (Prop_ibuf_I_O)         0.191     0.191 r  src_clk_IBUF_inst/O
                         net (fo=1, routed)           0.627     0.818    src_clk_IBUF
    BUFGCTRL_X0Y1        BUFG (Prop_bufg_I_O)         0.026     0.844 r  src_clk_IBUF_BUFG_inst/O
                         net (fo=8, routed)           0.591     1.434    src_clk_IBUF_BUFG
    SLICE_X43Y7          FDCE                                         r  src_sync2_reg/C
  -------------------------------------------------------------------    -------------------
    SLICE_X43Y7          FDCE (Prop_fdce_C_Q)         0.141     1.575 r  src_sync2_reg/Q
                         net (fo=1, routed)           0.327     1.902    src_sync2
    SLICE_X43Y7          FDCE                                         r  src_sync3_reg/D
  -------------------------------------------------------------------    -------------------

                         (clock src_clk rise edge)    0.000     0.000 r  
    N11                                               0.000     0.000 r  src_clk (IN)
                         net (fo=0)                   0.000     0.000    src_clk
    N11                  IBUF (Prop_ibuf_I_O)         0.379     0.379 r  src_clk_IBUF_inst/O
                         net (fo=1, routed)           0.683     1.062    src_clk_IBUF
    BUFGCTRL_X0Y1        BUFG (Prop_bufg_I_O)         0.029     1.091 r  src_clk_IBUF_BUFG_inst/O
                         net (fo=8, routed)           0.860     1.951    src_clk_IBUF_BUFG
    SLICE_X43Y7          FDCE                                         r  src_sync3_reg/C
                         clock pessimism             -0.517     1.434    
    SLICE_X43Y7          FDCE (Hold_fdce_C_D)         0.070     1.504    src_sync3_reg
  -------------------------------------------------------------------
                         required time                         -1.504    
                         arrival time                           1.902    
  -------------------------------------------------------------------
                         slack                                  0.398    

Slack (MET) :             0.554ns  (arrival time - required time)
  Source:                 handshake_src_reg/C
                            (rising edge-triggered cell FDCE clocked by src_clk  {rise@0.000ns fall@5.000ns period=10.000ns})
  Destination:            ff_src_reg[0]/CE
                            (rising edge-triggered cell FDCE clocked by src_clk  {rise@0.000ns fall@5.000ns period=10.000ns})
  Path Group:             src_clk
  Path Type:              Hold (Min at Fast Process Corner)
  Requirement:            0.000ns  (src_clk rise@0.000ns - src_clk rise@0.000ns)
  Data Path Delay:        0.555ns  (logic 0.186ns (33.530%)  route 0.369ns (66.470%))
  Logic Levels:           1  (LUT3=1)
  Clock Path Skew:        0.017ns (DCD - SCD - CPR)
    Destination Clock Delay (DCD):    1.952ns
    Source Clock Delay      (SCD):    1.434ns
    Clock Pessimism Removal (CPR):    0.501ns

    Location             Delay type                Incr(ns)  Path(ns)    Netlist Resource(s)
  -------------------------------------------------------------------    -------------------
                         (clock src_clk rise edge)    0.000     0.000 r  
    N11                                               0.000     0.000 r  src_clk (IN)
                         net (fo=0)                   0.000     0.000    src_clk
    N11                  IBUF (Prop_ibuf_I_O)         0.191     0.191 r  src_clk_IBUF_inst/O
                         net (fo=1, routed)           0.627     0.818    src_clk_IBUF
    BUFGCTRL_X0Y1        BUFG (Prop_bufg_I_O)         0.026     0.844 r  src_clk_IBUF_BUFG_inst/O
                         net (fo=8, routed)           0.591     1.434    src_clk_IBUF_BUFG
    SLICE_X43Y7          FDCE                                         r  handshake_src_reg/C
  -------------------------------------------------------------------    -------------------
    SLICE_X43Y7          FDCE (Prop_fdce_C_Q)         0.141     1.575 f  handshake_src_reg/Q
                         net (fo=3, routed)           0.125     1.701    handshake_src_reg_n_0
    SLICE_X43Y7          LUT3 (Prop_lut3_I2_O)        0.045     1.746 r  ff_src[3]_i_1/O
                         net (fo=4, routed)           0.243     1.989    ff_src0
    SLICE_X42Y6          FDCE                                         r  ff_src_reg[0]/CE
  -------------------------------------------------------------------    -------------------

                         (clock src_clk rise edge)    0.000     0.000 r  
    N11                                               0.000     0.000 r  src_clk (IN)
                         net (fo=0)                   0.000     0.000    src_clk
    N11                  IBUF (Prop_ibuf_I_O)         0.379     0.379 r  src_clk_IBUF_inst/O
                         net (fo=1, routed)           0.683     1.062    src_clk_IBUF
    BUFGCTRL_X0Y1        BUFG (Prop_bufg_I_O)         0.029     1.091 r  src_clk_IBUF_BUFG_inst/O
                         net (fo=8, routed)           0.861     1.952    src_clk_IBUF_BUFG
    SLICE_X42Y6          FDCE                                         r  ff_src_reg[0]/C
                         clock pessimism             -0.501     1.451    
    SLICE_X42Y6          FDCE (Hold_fdce_C_CE)       -0.016     1.435    ff_src_reg[0]
  -------------------------------------------------------------------
                         required time                         -1.435    
                         arrival time                           1.989    
  -------------------------------------------------------------------
                         slack                                  0.554    

Slack (MET) :             0.554ns  (arrival time - required time)
  Source:                 handshake_src_reg/C
                            (rising edge-triggered cell FDCE clocked by src_clk  {rise@0.000ns fall@5.000ns period=10.000ns})
  Destination:            ff_src_reg[1]/CE
                            (rising edge-triggered cell FDCE clocked by src_clk  {rise@0.000ns fall@5.000ns period=10.000ns})
  Path Group:             src_clk
  Path Type:              Hold (Min at Fast Process Corner)
  Requirement:            0.000ns  (src_clk rise@0.000ns - src_clk rise@0.000ns)
  Data Path Delay:        0.555ns  (logic 0.186ns (33.530%)  route 0.369ns (66.470%))
  Logic Levels:           1  (LUT3=1)
  Clock Path Skew:        0.017ns (DCD - SCD - CPR)
    Destination Clock Delay (DCD):    1.952ns
    Source Clock Delay      (SCD):    1.434ns
    Clock Pessimism Removal (CPR):    0.501ns

    Location             Delay type                Incr(ns)  Path(ns)    Netlist Resource(s)
  -------------------------------------------------------------------    -------------------
                         (clock src_clk rise edge)    0.000     0.000 r  
    N11                                               0.000     0.000 r  src_clk (IN)
                         net (fo=0)                   0.000     0.000    src_clk
    N11                  IBUF (Prop_ibuf_I_O)         0.191     0.191 r  src_clk_IBUF_inst/O
                         net (fo=1, routed)           0.627     0.818    src_clk_IBUF
    BUFGCTRL_X0Y1        BUFG (Prop_bufg_I_O)         0.026     0.844 r  src_clk_IBUF_BUFG_inst/O
                         net (fo=8, routed)           0.591     1.434    src_clk_IBUF_BUFG
    SLICE_X43Y7          FDCE                                         r  handshake_src_reg/C
  -------------------------------------------------------------------    -------------------
    SLICE_X43Y7          FDCE (Prop_fdce_C_Q)         0.141     1.575 f  handshake_src_reg/Q
                         net (fo=3, routed)           0.125     1.701    handshake_src_reg_n_0
    SLICE_X43Y7          LUT3 (Prop_lut3_I2_O)        0.045     1.746 r  ff_src[3]_i_1/O
                         net (fo=4, routed)           0.243     1.989    ff_src0
    SLICE_X42Y6          FDCE                                         r  ff_src_reg[1]/CE
  -------------------------------------------------------------------    -------------------

                         (clock src_clk rise edge)    0.000     0.000 r  
    N11                                               0.000     0.000 r  src_clk (IN)
                         net (fo=0)                   0.000     0.000    src_clk
    N11                  IBUF (Prop_ibuf_I_O)         0.379     0.379 r  src_clk_IBUF_inst/O
                         net (fo=1, routed)           0.683     1.062    src_clk_IBUF
    BUFGCTRL_X0Y1        BUFG (Prop_bufg_I_O)         0.029     1.091 r  src_clk_IBUF_BUFG_inst/O
                         net (fo=8, routed)           0.861     1.952    src_clk_IBUF_BUFG
    SLICE_X42Y6          FDCE                                         r  ff_src_reg[1]/C
                         clock pessimism             -0.501     1.451    
    SLICE_X42Y6          FDCE (Hold_fdce_C_CE)       -0.016     1.435    ff_src_reg[1]
  -------------------------------------------------------------------
                         required time                         -1.435    
                         arrival time                           1.989    
  -------------------------------------------------------------------
                         slack                                  0.554    

Slack (MET) :             0.554ns  (arrival time - required time)
  Source:                 handshake_src_reg/C
                            (rising edge-triggered cell FDCE clocked by src_clk  {rise@0.000ns fall@5.000ns period=10.000ns})
  Destination:            ff_src_reg[2]/CE
                            (rising edge-triggered cell FDCE clocked by src_clk  {rise@0.000ns fall@5.000ns period=10.000ns})
  Path Group:             src_clk
  Path Type:              Hold (Min at Fast Process Corner)
  Requirement:            0.000ns  (src_clk rise@0.000ns - src_clk rise@0.000ns)
  Data Path Delay:        0.555ns  (logic 0.186ns (33.530%)  route 0.369ns (66.470%))
  Logic Levels:           1  (LUT3=1)
  Clock Path Skew:        0.017ns (DCD - SCD - CPR)
    Destination Clock Delay (DCD):    1.952ns
    Source Clock Delay      (SCD):    1.434ns
    Clock Pessimism Removal (CPR):    0.501ns

    Location             Delay type                Incr(ns)  Path(ns)    Netlist Resource(s)
  -------------------------------------------------------------------    -------------------
                         (clock src_clk rise edge)    0.000     0.000 r  
    N11                                               0.000     0.000 r  src_clk (IN)
                         net (fo=0)                   0.000     0.000    src_clk
    N11                  IBUF (Prop_ibuf_I_O)         0.191     0.191 r  src_clk_IBUF_inst/O
                         net (fo=1, routed)           0.627     0.818    src_clk_IBUF
    BUFGCTRL_X0Y1        BUFG (Prop_bufg_I_O)         0.026     0.844 r  src_clk_IBUF_BUFG_inst/O
                         net (fo=8, routed)           0.591     1.434    src_clk_IBUF_BUFG
    SLICE_X43Y7          FDCE                                         r  handshake_src_reg/C
  -------------------------------------------------------------------    -------------------
    SLICE_X43Y7          FDCE (Prop_fdce_C_Q)         0.141     1.575 f  handshake_src_reg/Q
                         net (fo=3, routed)           0.125     1.701    handshake_src_reg_n_0
    SLICE_X43Y7          LUT3 (Prop_lut3_I2_O)        0.045     1.746 r  ff_src[3]_i_1/O
                         net (fo=4, routed)           0.243     1.989    ff_src0
    SLICE_X42Y6          FDCE                                         r  ff_src_reg[2]/CE
  -------------------------------------------------------------------    -------------------

                         (clock src_clk rise edge)    0.000     0.000 r  
    N11                                               0.000     0.000 r  src_clk (IN)
                         net (fo=0)                   0.000     0.000    src_clk
    N11                  IBUF (Prop_ibuf_I_O)         0.379     0.379 r  src_clk_IBUF_inst/O
                         net (fo=1, routed)           0.683     1.062    src_clk_IBUF
    BUFGCTRL_X0Y1        BUFG (Prop_bufg_I_O)         0.029     1.091 r  src_clk_IBUF_BUFG_inst/O
                         net (fo=8, routed)           0.861     1.952    src_clk_IBUF_BUFG
    SLICE_X42Y6          FDCE                                         r  ff_src_reg[2]/C
                         clock pessimism             -0.501     1.451    
    SLICE_X42Y6          FDCE (Hold_fdce_C_CE)       -0.016     1.435    ff_src_reg[2]
  -------------------------------------------------------------------
                         required time                         -1.435    
                         arrival time                           1.989    
  -------------------------------------------------------------------
                         slack                                  0.554    

Slack (MET) :             0.554ns  (arrival time - required time)
  Source:                 handshake_src_reg/C
                            (rising edge-triggered cell FDCE clocked by src_clk  {rise@0.000ns fall@5.000ns period=10.000ns})
  Destination:            ff_src_reg[3]/CE
                            (rising edge-triggered cell FDCE clocked by src_clk  {rise@0.000ns fall@5.000ns period=10.000ns})
  Path Group:             src_clk
  Path Type:              Hold (Min at Fast Process Corner)
  Requirement:            0.000ns  (src_clk rise@0.000ns - src_clk rise@0.000ns)
  Data Path Delay:        0.555ns  (logic 0.186ns (33.530%)  route 0.369ns (66.470%))
  Logic Levels:           1  (LUT3=1)
  Clock Path Skew:        0.017ns (DCD - SCD - CPR)
    Destination Clock Delay (DCD):    1.952ns
    Source Clock Delay      (SCD):    1.434ns
    Clock Pessimism Removal (CPR):    0.501ns

    Location             Delay type                Incr(ns)  Path(ns)    Netlist Resource(s)
  -------------------------------------------------------------------    -------------------
                         (clock src_clk rise edge)    0.000     0.000 r  
    N11                                               0.000     0.000 r  src_clk (IN)
                         net (fo=0)                   0.000     0.000    src_clk
    N11                  IBUF (Prop_ibuf_I_O)         0.191     0.191 r  src_clk_IBUF_inst/O
                         net (fo=1, routed)           0.627     0.818    src_clk_IBUF
    BUFGCTRL_X0Y1        BUFG (Prop_bufg_I_O)         0.026     0.844 r  src_clk_IBUF_BUFG_inst/O
                         net (fo=8, routed)           0.591     1.434    src_clk_IBUF_BUFG
    SLICE_X43Y7          FDCE                                         r  handshake_src_reg/C
  -------------------------------------------------------------------    -------------------
    SLICE_X43Y7          FDCE (Prop_fdce_C_Q)         0.141     1.575 f  handshake_src_reg/Q
                         net (fo=3, routed)           0.125     1.701    handshake_src_reg_n_0
    SLICE_X43Y7          LUT3 (Prop_lut3_I2_O)        0.045     1.746 r  ff_src[3]_i_1/O
                         net (fo=4, routed)           0.243     1.989    ff_src0
    SLICE_X42Y6          FDCE                                         r  ff_src_reg[3]/CE
  -------------------------------------------------------------------    -------------------

                         (clock src_clk rise edge)    0.000     0.000 r  
    N11                                               0.000     0.000 r  src_clk (IN)
                         net (fo=0)                   0.000     0.000    src_clk
    N11                  IBUF (Prop_ibuf_I_O)         0.379     0.379 r  src_clk_IBUF_inst/O
                         net (fo=1, routed)           0.683     1.062    src_clk_IBUF
    BUFGCTRL_X0Y1        BUFG (Prop_bufg_I_O)         0.029     1.091 r  src_clk_IBUF_BUFG_inst/O
                         net (fo=8, routed)           0.861     1.952    src_clk_IBUF_BUFG
    SLICE_X42Y6          FDCE                                         r  ff_src_reg[3]/C
                         clock pessimism             -0.501     1.451    
    SLICE_X42Y6          FDCE (Hold_fdce_C_CE)       -0.016     1.435    ff_src_reg[3]
  -------------------------------------------------------------------
                         required time                         -1.435    
                         arrival time                           1.989    
  -------------------------------------------------------------------
                         slack                                  0.554    





Pulse Width Checks
--------------------------------------------------------------------------------------
Clock Name:         src_clk
Waveform(ns):       { 0.000 5.000 }
Period(ns):         10.000
Sources:            { src_clk }

Check Type        Corner  Lib Pin  Reference Pin  Required(ns)  Actual(ns)  Slack(ns)  Location       Pin
Min Period        n/a     BUFG/I   n/a            2.155         10.000      7.845      BUFGCTRL_X0Y1  src_clk_IBUF_BUFG_inst/I
Min Period        n/a     FDCE/C   n/a            1.000         10.000      9.000      SLICE_X42Y6    ff_src_reg[0]/C
Min Period        n/a     FDCE/C   n/a            1.000         10.000      9.000      SLICE_X42Y6    ff_src_reg[1]/C
Min Period        n/a     FDCE/C   n/a            1.000         10.000      9.000      SLICE_X42Y6    ff_src_reg[2]/C
Min Period        n/a     FDCE/C   n/a            1.000         10.000      9.000      SLICE_X42Y6    ff_src_reg[3]/C
Min Period        n/a     FDCE/C   n/a            1.000         10.000      9.000      SLICE_X43Y7    handshake_src_reg/C
Min Period        n/a     FDCE/C   n/a            1.000         10.000      9.000      SLICE_X43Y7    src_sync1_reg/C
Min Period        n/a     FDCE/C   n/a            1.000         10.000      9.000      SLICE_X43Y7    src_sync2_reg/C
Min Period        n/a     FDCE/C   n/a            1.000         10.000      9.000      SLICE_X43Y7    src_sync3_reg/C
Low Pulse Width   Slow    FDCE/C   n/a            0.500         5.000       4.500      SLICE_X42Y6    ff_src_reg[0]/C
Low Pulse Width   Fast    FDCE/C   n/a            0.500         5.000       4.500      SLICE_X42Y6    ff_src_reg[0]/C
Low Pulse Width   Slow    FDCE/C   n/a            0.500         5.000       4.500      SLICE_X42Y6    ff_src_reg[1]/C
Low Pulse Width   Fast    FDCE/C   n/a            0.500         5.000       4.500      SLICE_X42Y6    ff_src_reg[1]/C
Low Pulse Width   Slow    FDCE/C   n/a            0.500         5.000       4.500      SLICE_X42Y6    ff_src_reg[2]/C
Low Pulse Width   Fast    FDCE/C   n/a            0.500         5.000       4.500      SLICE_X42Y6    ff_src_reg[2]/C
Low Pulse Width   Slow    FDCE/C   n/a            0.500         5.000       4.500      SLICE_X42Y6    ff_src_reg[3]/C
Low Pulse Width   Fast    FDCE/C   n/a            0.500         5.000       4.500      SLICE_X42Y6    ff_src_reg[3]/C
Low Pulse Width   Slow    FDCE/C   n/a            0.500         5.000       4.500      SLICE_X43Y7    handshake_src_reg/C
Low Pulse Width   Fast    FDCE/C   n/a            0.500         5.000       4.500      SLICE_X43Y7    handshake_src_reg/C
High Pulse Width  Slow    FDCE/C   n/a            0.500         5.000       4.500      SLICE_X42Y6    ff_src_reg[0]/C
High Pulse Width  Fast    FDCE/C   n/a            0.500         5.000       4.500      SLICE_X42Y6    ff_src_reg[0]/C
High Pulse Width  Slow    FDCE/C   n/a            0.500         5.000       4.500      SLICE_X42Y6    ff_src_reg[1]/C
High Pulse Width  Fast    FDCE/C   n/a            0.500         5.000       4.500      SLICE_X42Y6    ff_src_reg[1]/C
High Pulse Width  Slow    FDCE/C   n/a            0.500         5.000       4.500      SLICE_X42Y6    ff_src_reg[2]/C
High Pulse Width  Fast    FDCE/C   n/a            0.500         5.000       4.500      SLICE_X42Y6    ff_src_reg[2]/C
High Pulse Width  Slow    FDCE/C   n/a            0.500         5.000       4.500      SLICE_X42Y6    ff_src_reg[3]/C
High Pulse Width  Fast    FDCE/C   n/a            0.500         5.000       4.500      SLICE_X42Y6    ff_src_reg[3]/C
High Pulse Width  Slow    FDCE/C   n/a            0.500         5.000       4.500      SLICE_X43Y7    handshake_src_reg/C
High Pulse Width  Fast    FDCE/C   n/a            0.500         5.000       4.500      SLICE_X43Y7    handshake_src_reg/C



--------------------------------------------------------------------------------------
Path Group:  (none)
From Clock:  src_clk
  To Clock:  dest_clk

Max Delay             5 Endpoints
Min Delay             5 Endpoints
--------------------------------------------------------------------------------------


Max Delay Paths
--------------------------------------------------------------------------------------
Slack:                    inf
  Source:                 ff_src_reg[3]/C
                            (rising edge-triggered cell FDCE clocked by src_clk  {rise@0.000ns fall@5.000ns period=10.000ns})
  Destination:            dest_data_reg[3]/D
                            (rising edge-triggered cell FDCE clocked by dest_clk  {rise@0.000ns fall@7.000ns period=14.000ns})
  Path Group:             (none)
  Path Type:              Setup (Max at Slow Process Corner)
  Data Path Delay:        1.187ns  (logic 0.518ns (43.637%)  route 0.669ns (56.363%))
  Logic Levels:           0  
  Clock Path Skew:        -0.508ns (DCD - SCD + CPR)
    Destination Clock Delay (DCD):    4.385ns
    Source Clock Delay      (SCD):    4.893ns
    Clock Pessimism Removal (CPR):    0.000ns
  Clock Uncertainty:      0.035ns  ((TSJ^2 + TIJ^2)^1/2 + DJ) / 2 + PE
    Total System Jitter     (TSJ):    0.071ns
    Total Input Jitter      (TIJ):    0.000ns
    Discrete Jitter          (DJ):    0.000ns
    Phase Error              (PE):    0.000ns
  Timing Exception:       Asynchronous Clock Groups

    Location             Delay type                Incr(ns)  Path(ns)    Netlist Resource(s)
  -------------------------------------------------------------------    -------------------
                         (clock src_clk rise edge)    0.000     0.000 r  
    N11                                               0.000     0.000 r  src_clk (IN)
                         net (fo=0)                   0.000     0.000    src_clk
    N11                  IBUF (Prop_ibuf_I_O)         0.962     0.962 r  src_clk_IBUF_inst/O
                         net (fo=1, routed)           2.076     3.038    src_clk_IBUF
    BUFGCTRL_X0Y1        BUFG (Prop_bufg_I_O)         0.101     3.139 r  src_clk_IBUF_BUFG_inst/O
                         net (fo=8, routed)           1.754     4.893    src_clk_IBUF_BUFG
    SLICE_X42Y6          FDCE                                         r  ff_src_reg[3]/C
  -------------------------------------------------------------------    -------------------
    SLICE_X42Y6          FDCE (Prop_fdce_C_Q)         0.518     5.411 r  ff_src_reg[3]/Q
                         net (fo=1, routed)           0.669     6.080    ff_src[3]
    SLICE_X42Y7          FDCE                                         r  dest_data_reg[3]/D
  -------------------------------------------------------------------    -------------------

                         (clock dest_clk rise edge)
                                                      0.000     0.000 r  
    K11                                               0.000     0.000 r  dest_clk (IN)
                         net (fo=0)                   0.000     0.000    dest_clk
    K11                  IBUF (Prop_ibuf_I_O)         0.838     0.838 r  dest_clk_IBUF_inst/O
                         net (fo=1, routed)           1.880     2.718    dest_clk_IBUF
    BUFGCTRL_X0Y0        BUFG (Prop_bufg_I_O)         0.091     2.809 r  dest_clk_IBUF_BUFG_inst/O
                         net (fo=8, routed)           1.575     4.385    dest_clk_IBUF_BUFG
    SLICE_X42Y7          FDCE                                         r  dest_data_reg[3]/C

Slack:                    inf
  Source:                 ff_src_reg[0]/C
                            (rising edge-triggered cell FDCE clocked by src_clk  {rise@0.000ns fall@5.000ns period=10.000ns})
  Destination:            dest_data_reg[0]/D
                            (rising edge-triggered cell FDCE clocked by dest_clk  {rise@0.000ns fall@7.000ns period=14.000ns})
  Path Group:             (none)
  Path Type:              Setup (Max at Slow Process Corner)
  Data Path Delay:        1.156ns  (logic 0.518ns (44.815%)  route 0.638ns (55.185%))
  Logic Levels:           0  
  Clock Path Skew:        -0.508ns (DCD - SCD + CPR)
    Destination Clock Delay (DCD):    4.385ns
    Source Clock Delay      (SCD):    4.893ns
    Clock Pessimism Removal (CPR):    0.000ns
  Clock Uncertainty:      0.035ns  ((TSJ^2 + TIJ^2)^1/2 + DJ) / 2 + PE
    Total System Jitter     (TSJ):    0.071ns
    Total Input Jitter      (TIJ):    0.000ns
    Discrete Jitter          (DJ):    0.000ns
    Phase Error              (PE):    0.000ns
  Timing Exception:       Asynchronous Clock Groups

    Location             Delay type                Incr(ns)  Path(ns)    Netlist Resource(s)
  -------------------------------------------------------------------    -------------------
                         (clock src_clk rise edge)    0.000     0.000 r  
    N11                                               0.000     0.000 r  src_clk (IN)
                         net (fo=0)                   0.000     0.000    src_clk
    N11                  IBUF (Prop_ibuf_I_O)         0.962     0.962 r  src_clk_IBUF_inst/O
                         net (fo=1, routed)           2.076     3.038    src_clk_IBUF
    BUFGCTRL_X0Y1        BUFG (Prop_bufg_I_O)         0.101     3.139 r  src_clk_IBUF_BUFG_inst/O
                         net (fo=8, routed)           1.754     4.893    src_clk_IBUF_BUFG
    SLICE_X42Y6          FDCE                                         r  ff_src_reg[0]/C
  -------------------------------------------------------------------    -------------------
    SLICE_X42Y6          FDCE (Prop_fdce_C_Q)         0.518     5.411 r  ff_src_reg[0]/Q
                         net (fo=1, routed)           0.638     6.049    ff_src[0]
    SLICE_X42Y7          FDCE                                         r  dest_data_reg[0]/D
  -------------------------------------------------------------------    -------------------

                         (clock dest_clk rise edge)
                                                      0.000     0.000 r  
    K11                                               0.000     0.000 r  dest_clk (IN)
                         net (fo=0)                   0.000     0.000    dest_clk
    K11                  IBUF (Prop_ibuf_I_O)         0.838     0.838 r  dest_clk_IBUF_inst/O
                         net (fo=1, routed)           1.880     2.718    dest_clk_IBUF
    BUFGCTRL_X0Y0        BUFG (Prop_bufg_I_O)         0.091     2.809 r  dest_clk_IBUF_BUFG_inst/O
                         net (fo=8, routed)           1.575     4.385    dest_clk_IBUF_BUFG
    SLICE_X42Y7          FDCE                                         r  dest_data_reg[0]/C

Slack:                    inf
  Source:                 ff_src_reg[1]/C
                            (rising edge-triggered cell FDCE clocked by src_clk  {rise@0.000ns fall@5.000ns period=10.000ns})
  Destination:            dest_data_reg[1]/D
                            (rising edge-triggered cell FDCE clocked by dest_clk  {rise@0.000ns fall@7.000ns period=14.000ns})
  Path Group:             (none)
  Path Type:              Setup (Max at Slow Process Corner)
  Data Path Delay:        0.850ns  (logic 0.518ns (60.941%)  route 0.332ns (39.059%))
  Logic Levels:           0  
  Clock Path Skew:        -0.508ns (DCD - SCD + CPR)
    Destination Clock Delay (DCD):    4.385ns
    Source Clock Delay      (SCD):    4.893ns
    Clock Pessimism Removal (CPR):    0.000ns
  Clock Uncertainty:      0.035ns  ((TSJ^2 + TIJ^2)^1/2 + DJ) / 2 + PE
    Total System Jitter     (TSJ):    0.071ns
    Total Input Jitter      (TIJ):    0.000ns
    Discrete Jitter          (DJ):    0.000ns
    Phase Error              (PE):    0.000ns
  Timing Exception:       Asynchronous Clock Groups

    Location             Delay type                Incr(ns)  Path(ns)    Netlist Resource(s)
  -------------------------------------------------------------------    -------------------
                         (clock src_clk rise edge)    0.000     0.000 r  
    N11                                               0.000     0.000 r  src_clk (IN)
                         net (fo=0)                   0.000     0.000    src_clk
    N11                  IBUF (Prop_ibuf_I_O)         0.962     0.962 r  src_clk_IBUF_inst/O
                         net (fo=1, routed)           2.076     3.038    src_clk_IBUF
    BUFGCTRL_X0Y1        BUFG (Prop_bufg_I_O)         0.101     3.139 r  src_clk_IBUF_BUFG_inst/O
                         net (fo=8, routed)           1.754     4.893    src_clk_IBUF_BUFG
    SLICE_X42Y6          FDCE                                         r  ff_src_reg[1]/C
  -------------------------------------------------------------------    -------------------
    SLICE_X42Y6          FDCE (Prop_fdce_C_Q)         0.518     5.411 r  ff_src_reg[1]/Q
                         net (fo=1, routed)           0.332     5.743    ff_src[1]
    SLICE_X42Y7          FDCE                                         r  dest_data_reg[1]/D
  -------------------------------------------------------------------    -------------------

                         (clock dest_clk rise edge)
                                                      0.000     0.000 r  
    K11                                               0.000     0.000 r  dest_clk (IN)
                         net (fo=0)                   0.000     0.000    dest_clk
    K11                  IBUF (Prop_ibuf_I_O)         0.838     0.838 r  dest_clk_IBUF_inst/O
                         net (fo=1, routed)           1.880     2.718    dest_clk_IBUF
    BUFGCTRL_X0Y0        BUFG (Prop_bufg_I_O)         0.091     2.809 r  dest_clk_IBUF_BUFG_inst/O
                         net (fo=8, routed)           1.575     4.385    dest_clk_IBUF_BUFG
    SLICE_X42Y7          FDCE                                         r  dest_data_reg[1]/C

Slack:                    inf
  Source:                 ff_src_reg[2]/C
                            (rising edge-triggered cell FDCE clocked by src_clk  {rise@0.000ns fall@5.000ns period=10.000ns})
  Destination:            dest_data_reg[2]/D
                            (rising edge-triggered cell FDCE clocked by dest_clk  {rise@0.000ns fall@7.000ns period=14.000ns})
  Path Group:             (none)
  Path Type:              Setup (Max at Slow Process Corner)
  Data Path Delay:        0.849ns  (logic 0.518ns (61.013%)  route 0.331ns (38.987%))
  Logic Levels:           0  
  Clock Path Skew:        -0.508ns (DCD - SCD + CPR)
    Destination Clock Delay (DCD):    4.385ns
    Source Clock Delay      (SCD):    4.893ns
    Clock Pessimism Removal (CPR):    0.000ns
  Clock Uncertainty:      0.035ns  ((TSJ^2 + TIJ^2)^1/2 + DJ) / 2 + PE
    Total System Jitter     (TSJ):    0.071ns
    Total Input Jitter      (TIJ):    0.000ns
    Discrete Jitter          (DJ):    0.000ns
    Phase Error              (PE):    0.000ns
  Timing Exception:       Asynchronous Clock Groups

    Location             Delay type                Incr(ns)  Path(ns)    Netlist Resource(s)
  -------------------------------------------------------------------    -------------------
                         (clock src_clk rise edge)    0.000     0.000 r  
    N11                                               0.000     0.000 r  src_clk (IN)
                         net (fo=0)                   0.000     0.000    src_clk
    N11                  IBUF (Prop_ibuf_I_O)         0.962     0.962 r  src_clk_IBUF_inst/O
                         net (fo=1, routed)           2.076     3.038    src_clk_IBUF
    BUFGCTRL_X0Y1        BUFG (Prop_bufg_I_O)         0.101     3.139 r  src_clk_IBUF_BUFG_inst/O
                         net (fo=8, routed)           1.754     4.893    src_clk_IBUF_BUFG
    SLICE_X42Y6          FDCE                                         r  ff_src_reg[2]/C
  -------------------------------------------------------------------    -------------------
    SLICE_X42Y6          FDCE (Prop_fdce_C_Q)         0.518     5.411 r  ff_src_reg[2]/Q
                         net (fo=1, routed)           0.331     5.742    ff_src[2]
    SLICE_X42Y7          FDCE                                         r  dest_data_reg[2]/D
  -------------------------------------------------------------------    -------------------

                         (clock dest_clk rise edge)
                                                      0.000     0.000 r  
    K11                                               0.000     0.000 r  dest_clk (IN)
                         net (fo=0)                   0.000     0.000    dest_clk
    K11                  IBUF (Prop_ibuf_I_O)         0.838     0.838 r  dest_clk_IBUF_inst/O
                         net (fo=1, routed)           1.880     2.718    dest_clk_IBUF
    BUFGCTRL_X0Y0        BUFG (Prop_bufg_I_O)         0.091     2.809 r  dest_clk_IBUF_BUFG_inst/O
                         net (fo=8, routed)           1.575     4.385    dest_clk_IBUF_BUFG
    SLICE_X42Y7          FDCE                                         r  dest_data_reg[2]/C

Slack:                    inf
  Source:                 handshake_src_reg/C
                            (rising edge-triggered cell FDCE clocked by src_clk  {rise@0.000ns fall@5.000ns period=10.000ns})
  Destination:            dest_sync1_reg/D
                            (rising edge-triggered cell FDCE clocked by dest_clk  {rise@0.000ns fall@7.000ns period=14.000ns})
  Path Group:             (none)
  Path Type:              Setup (Max at Slow Process Corner)
  Data Path Delay:        0.799ns  (logic 0.456ns (57.061%)  route 0.343ns (42.939%))
  Logic Levels:           0  
  Clock Path Skew:        -0.506ns (DCD - SCD + CPR)
    Destination Clock Delay (DCD):    4.386ns
    Source Clock Delay      (SCD):    4.892ns
    Clock Pessimism Removal (CPR):    0.000ns
  Clock Uncertainty:      0.035ns  ((TSJ^2 + TIJ^2)^1/2 + DJ) / 2 + PE
    Total System Jitter     (TSJ):    0.071ns
    Total Input Jitter      (TIJ):    0.000ns
    Discrete Jitter          (DJ):    0.000ns
    Phase Error              (PE):    0.000ns
  Timing Exception:       Asynchronous Clock Groups

    Location             Delay type                Incr(ns)  Path(ns)    Netlist Resource(s)
  -------------------------------------------------------------------    -------------------
                         (clock src_clk rise edge)    0.000     0.000 r  
    N11                                               0.000     0.000 r  src_clk (IN)
                         net (fo=0)                   0.000     0.000    src_clk
    N11                  IBUF (Prop_ibuf_I_O)         0.962     0.962 r  src_clk_IBUF_inst/O
                         net (fo=1, routed)           2.076     3.038    src_clk_IBUF
    BUFGCTRL_X0Y1        BUFG (Prop_bufg_I_O)         0.101     3.139 r  src_clk_IBUF_BUFG_inst/O
                         net (fo=8, routed)           1.753     4.892    src_clk_IBUF_BUFG
    SLICE_X43Y7          FDCE                                         r  handshake_src_reg/C
  -------------------------------------------------------------------    -------------------
    SLICE_X43Y7          FDCE (Prop_fdce_C_Q)         0.456     5.348 r  handshake_src_reg/Q
                         net (fo=3, routed)           0.343     5.691    handshake_src_reg_n_0
    SLICE_X43Y6          FDCE                                         r  dest_sync1_reg/D
  -------------------------------------------------------------------    -------------------

                         (clock dest_clk rise edge)
                                                      0.000     0.000 r  
    K11                                               0.000     0.000 r  dest_clk (IN)
                         net (fo=0)                   0.000     0.000    dest_clk
    K11                  IBUF (Prop_ibuf_I_O)         0.838     0.838 r  dest_clk_IBUF_inst/O
                         net (fo=1, routed)           1.880     2.718    dest_clk_IBUF
    BUFGCTRL_X0Y0        BUFG (Prop_bufg_I_O)         0.091     2.809 r  dest_clk_IBUF_BUFG_inst/O
                         net (fo=8, routed)           1.576     4.386    dest_clk_IBUF_BUFG
    SLICE_X43Y6          FDCE                                         r  dest_sync1_reg/C





Min Delay Paths
--------------------------------------------------------------------------------------
Slack:                    inf
  Source:                 handshake_src_reg/C
                            (rising edge-triggered cell FDCE clocked by src_clk  {rise@0.000ns fall@5.000ns period=10.000ns})
  Destination:            dest_sync1_reg/D
                            (rising edge-triggered cell FDCE clocked by dest_clk  {rise@0.000ns fall@7.000ns period=14.000ns})
  Path Group:             (none)
  Path Type:              Hold (Min at Fast Process Corner)
  Data Path Delay:        0.263ns  (logic 0.141ns (53.584%)  route 0.122ns (46.416%))
  Logic Levels:           0  
  Clock Path Skew:        0.528ns (DCD - SCD - CPR)
    Destination Clock Delay (DCD):    1.963ns
    Source Clock Delay      (SCD):    1.434ns
    Clock Pessimism Removal (CPR):    -0.000ns
  Clock Uncertainty:      0.035ns  ((TSJ^2 + TIJ^2)^1/2 + DJ) / 2 + PE
    Total System Jitter     (TSJ):    0.071ns
    Total Input Jitter      (TIJ):    0.000ns
    Discrete Jitter          (DJ):    0.000ns
    Phase Error              (PE):    0.000ns
  Timing Exception:       Asynchronous Clock Groups

    Location             Delay type                Incr(ns)  Path(ns)    Netlist Resource(s)
  -------------------------------------------------------------------    -------------------
                         (clock src_clk rise edge)    0.000     0.000 r  
    N11                                               0.000     0.000 r  src_clk (IN)
                         net (fo=0)                   0.000     0.000    src_clk
    N11                  IBUF (Prop_ibuf_I_O)         0.191     0.191 r  src_clk_IBUF_inst/O
                         net (fo=1, routed)           0.627     0.818    src_clk_IBUF
    BUFGCTRL_X0Y1        BUFG (Prop_bufg_I_O)         0.026     0.844 r  src_clk_IBUF_BUFG_inst/O
                         net (fo=8, routed)           0.591     1.434    src_clk_IBUF_BUFG
    SLICE_X43Y7          FDCE                                         r  handshake_src_reg/C
  -------------------------------------------------------------------    -------------------
    SLICE_X43Y7          FDCE (Prop_fdce_C_Q)         0.141     1.575 r  handshake_src_reg/Q
                         net (fo=3, routed)           0.122     1.697    handshake_src_reg_n_0
    SLICE_X43Y6          FDCE                                         r  dest_sync1_reg/D
  -------------------------------------------------------------------    -------------------

                         (clock dest_clk rise edge)
                                                      0.000     0.000 r  
    K11                                               0.000     0.000 r  dest_clk (IN)
                         net (fo=0)                   0.000     0.000    dest_clk
    K11                  IBUF (Prop_ibuf_I_O)         0.390     0.390 r  dest_clk_IBUF_inst/O
                         net (fo=1, routed)           0.683     1.073    dest_clk_IBUF
    BUFGCTRL_X0Y0        BUFG (Prop_bufg_I_O)         0.029     1.102 r  dest_clk_IBUF_BUFG_inst/O
                         net (fo=8, routed)           0.861     1.963    dest_clk_IBUF_BUFG
    SLICE_X43Y6          FDCE                                         r  dest_sync1_reg/C

Slack:                    inf
  Source:                 ff_src_reg[1]/C
                            (rising edge-triggered cell FDCE clocked by src_clk  {rise@0.000ns fall@5.000ns period=10.000ns})
  Destination:            dest_data_reg[1]/D
                            (rising edge-triggered cell FDCE clocked by dest_clk  {rise@0.000ns fall@7.000ns period=14.000ns})
  Path Group:             (none)
  Path Type:              Hold (Min at Fast Process Corner)
  Data Path Delay:        0.276ns  (logic 0.164ns (59.419%)  route 0.112ns (40.581%))
  Logic Levels:           0  
  Clock Path Skew:        0.526ns (DCD - SCD - CPR)
    Destination Clock Delay (DCD):    1.962ns
    Source Clock Delay      (SCD):    1.435ns
    Clock Pessimism Removal (CPR):    -0.000ns
  Clock Uncertainty:      0.035ns  ((TSJ^2 + TIJ^2)^1/2 + DJ) / 2 + PE
    Total System Jitter     (TSJ):    0.071ns
    Total Input Jitter      (TIJ):    0.000ns
    Discrete Jitter          (DJ):    0.000ns
    Phase Error              (PE):    0.000ns
  Timing Exception:       Asynchronous Clock Groups

    Location             Delay type                Incr(ns)  Path(ns)    Netlist Resource(s)
  -------------------------------------------------------------------    -------------------
                         (clock src_clk rise edge)    0.000     0.000 r  
    N11                                               0.000     0.000 r  src_clk (IN)
                         net (fo=0)                   0.000     0.000    src_clk
    N11                  IBUF (Prop_ibuf_I_O)         0.191     0.191 r  src_clk_IBUF_inst/O
                         net (fo=1, routed)           0.627     0.818    src_clk_IBUF
    BUFGCTRL_X0Y1        BUFG (Prop_bufg_I_O)         0.026     0.844 r  src_clk_IBUF_BUFG_inst/O
                         net (fo=8, routed)           0.592     1.435    src_clk_IBUF_BUFG
    SLICE_X42Y6          FDCE                                         r  ff_src_reg[1]/C
  -------------------------------------------------------------------    -------------------
    SLICE_X42Y6          FDCE (Prop_fdce_C_Q)         0.164     1.599 r  ff_src_reg[1]/Q
                         net (fo=1, routed)           0.112     1.711    ff_src[1]
    SLICE_X42Y7          FDCE                                         r  dest_data_reg[1]/D
  -------------------------------------------------------------------    -------------------

                         (clock dest_clk rise edge)
                                                      0.000     0.000 r  
    K11                                               0.000     0.000 r  dest_clk (IN)
                         net (fo=0)                   0.000     0.000    dest_clk
    K11                  IBUF (Prop_ibuf_I_O)         0.390     0.390 r  dest_clk_IBUF_inst/O
                         net (fo=1, routed)           0.683     1.073    dest_clk_IBUF
    BUFGCTRL_X0Y0        BUFG (Prop_bufg_I_O)         0.029     1.102 r  dest_clk_IBUF_BUFG_inst/O
                         net (fo=8, routed)           0.860     1.962    dest_clk_IBUF_BUFG
    SLICE_X42Y7          FDCE                                         r  dest_data_reg[1]/C

Slack:                    inf
  Source:                 ff_src_reg[2]/C
                            (rising edge-triggered cell FDCE clocked by src_clk  {rise@0.000ns fall@5.000ns period=10.000ns})
  Destination:            dest_data_reg[2]/D
                            (rising edge-triggered cell FDCE clocked by dest_clk  {rise@0.000ns fall@7.000ns period=14.000ns})
  Path Group:             (none)
  Path Type:              Hold (Min at Fast Process Corner)
  Data Path Delay:        0.276ns  (logic 0.164ns (59.419%)  route 0.112ns (40.581%))
  Logic Levels:           0  
  Clock Path Skew:        0.526ns (DCD - SCD - CPR)
    Destination Clock Delay (DCD):    1.962ns
    Source Clock Delay      (SCD):    1.435ns
    Clock Pessimism Removal (CPR):    -0.000ns
  Clock Uncertainty:      0.035ns  ((TSJ^2 + TIJ^2)^1/2 + DJ) / 2 + PE
    Total System Jitter     (TSJ):    0.071ns
    Total Input Jitter      (TIJ):    0.000ns
    Discrete Jitter          (DJ):    0.000ns
    Phase Error              (PE):    0.000ns
  Timing Exception:       Asynchronous Clock Groups

    Location             Delay type                Incr(ns)  Path(ns)    Netlist Resource(s)
  -------------------------------------------------------------------    -------------------
                         (clock src_clk rise edge)    0.000     0.000 r  
    N11                                               0.000     0.000 r  src_clk (IN)
                         net (fo=0)                   0.000     0.000    src_clk
    N11                  IBUF (Prop_ibuf_I_O)         0.191     0.191 r  src_clk_IBUF_inst/O
                         net (fo=1, routed)           0.627     0.818    src_clk_IBUF
    BUFGCTRL_X0Y1        BUFG (Prop_bufg_I_O)         0.026     0.844 r  src_clk_IBUF_BUFG_inst/O
                         net (fo=8, routed)           0.592     1.435    src_clk_IBUF_BUFG
    SLICE_X42Y6          FDCE                                         r  ff_src_reg[2]/C
  -------------------------------------------------------------------    -------------------
    SLICE_X42Y6          FDCE (Prop_fdce_C_Q)         0.164     1.599 r  ff_src_reg[2]/Q
                         net (fo=1, routed)           0.112     1.711    ff_src[2]
    SLICE_X42Y7          FDCE                                         r  dest_data_reg[2]/D
  -------------------------------------------------------------------    -------------------

                         (clock dest_clk rise edge)
                                                      0.000     0.000 r  
    K11                                               0.000     0.000 r  dest_clk (IN)
                         net (fo=0)                   0.000     0.000    dest_clk
    K11                  IBUF (Prop_ibuf_I_O)         0.390     0.390 r  dest_clk_IBUF_inst/O
                         net (fo=1, routed)           0.683     1.073    dest_clk_IBUF
    BUFGCTRL_X0Y0        BUFG (Prop_bufg_I_O)         0.029     1.102 r  dest_clk_IBUF_BUFG_inst/O
                         net (fo=8, routed)           0.860     1.962    dest_clk_IBUF_BUFG
    SLICE_X42Y7          FDCE                                         r  dest_data_reg[2]/C

Slack:                    inf
  Source:                 ff_src_reg[0]/C
                            (rising edge-triggered cell FDCE clocked by src_clk  {rise@0.000ns fall@5.000ns period=10.000ns})
  Destination:            dest_data_reg[0]/D
                            (rising edge-triggered cell FDCE clocked by dest_clk  {rise@0.000ns fall@7.000ns period=14.000ns})
  Path Group:             (none)
  Path Type:              Hold (Min at Fast Process Corner)
  Data Path Delay:        0.478ns  (logic 0.164ns (34.319%)  route 0.314ns (65.681%))
  Logic Levels:           0  
  Clock Path Skew:        0.526ns (DCD - SCD - CPR)
    Destination Clock Delay (DCD):    1.962ns
    Source Clock Delay      (SCD):    1.435ns
    Clock Pessimism Removal (CPR):    -0.000ns
  Clock Uncertainty:      0.035ns  ((TSJ^2 + TIJ^2)^1/2 + DJ) / 2 + PE
    Total System Jitter     (TSJ):    0.071ns
    Total Input Jitter      (TIJ):    0.000ns
    Discrete Jitter          (DJ):    0.000ns
    Phase Error              (PE):    0.000ns
  Timing Exception:       Asynchronous Clock Groups

    Location             Delay type                Incr(ns)  Path(ns)    Netlist Resource(s)
  -------------------------------------------------------------------    -------------------
                         (clock src_clk rise edge)    0.000     0.000 r  
    N11                                               0.000     0.000 r  src_clk (IN)
                         net (fo=0)                   0.000     0.000    src_clk
    N11                  IBUF (Prop_ibuf_I_O)         0.191     0.191 r  src_clk_IBUF_inst/O
                         net (fo=1, routed)           0.627     0.818    src_clk_IBUF
    BUFGCTRL_X0Y1        BUFG (Prop_bufg_I_O)         0.026     0.844 r  src_clk_IBUF_BUFG_inst/O
                         net (fo=8, routed)           0.592     1.435    src_clk_IBUF_BUFG
    SLICE_X42Y6          FDCE                                         r  ff_src_reg[0]/C
  -------------------------------------------------------------------    -------------------
    SLICE_X42Y6          FDCE (Prop_fdce_C_Q)         0.164     1.599 r  ff_src_reg[0]/Q
                         net (fo=1, routed)           0.314     1.913    ff_src[0]
    SLICE_X42Y7          FDCE                                         r  dest_data_reg[0]/D
  -------------------------------------------------------------------    -------------------

                         (clock dest_clk rise edge)
                                                      0.000     0.000 r  
    K11                                               0.000     0.000 r  dest_clk (IN)
                         net (fo=0)                   0.000     0.000    dest_clk
    K11                  IBUF (Prop_ibuf_I_O)         0.390     0.390 r  dest_clk_IBUF_inst/O
                         net (fo=1, routed)           0.683     1.073    dest_clk_IBUF
    BUFGCTRL_X0Y0        BUFG (Prop_bufg_I_O)         0.029     1.102 r  dest_clk_IBUF_BUFG_inst/O
                         net (fo=8, routed)           0.860     1.962    dest_clk_IBUF_BUFG
    SLICE_X42Y7          FDCE                                         r  dest_data_reg[0]/C

Slack:                    inf
  Source:                 ff_src_reg[3]/C
                            (rising edge-triggered cell FDCE clocked by src_clk  {rise@0.000ns fall@5.000ns period=10.000ns})
  Destination:            dest_data_reg[3]/D
                            (rising edge-triggered cell FDCE clocked by dest_clk  {rise@0.000ns fall@7.000ns period=14.000ns})
  Path Group:             (none)
  Path Type:              Hold (Min at Fast Process Corner)
  Data Path Delay:        0.486ns  (logic 0.164ns (33.741%)  route 0.322ns (66.259%))
  Logic Levels:           0  
  Clock Path Skew:        0.526ns (DCD - SCD - CPR)
    Destination Clock Delay (DCD):    1.962ns
    Source Clock Delay      (SCD):    1.435ns
    Clock Pessimism Removal (CPR):    -0.000ns
  Clock Uncertainty:      0.035ns  ((TSJ^2 + TIJ^2)^1/2 + DJ) / 2 + PE
    Total System Jitter     (TSJ):    0.071ns
    Total Input Jitter      (TIJ):    0.000ns
    Discrete Jitter          (DJ):    0.000ns
    Phase Error              (PE):    0.000ns
  Timing Exception:       Asynchronous Clock Groups

    Location             Delay type                Incr(ns)  Path(ns)    Netlist Resource(s)
  -------------------------------------------------------------------    -------------------
                         (clock src_clk rise edge)    0.000     0.000 r  
    N11                                               0.000     0.000 r  src_clk (IN)
                         net (fo=0)                   0.000     0.000    src_clk
    N11                  IBUF (Prop_ibuf_I_O)         0.191     0.191 r  src_clk_IBUF_inst/O
                         net (fo=1, routed)           0.627     0.818    src_clk_IBUF
    BUFGCTRL_X0Y1        BUFG (Prop_bufg_I_O)         0.026     0.844 r  src_clk_IBUF_BUFG_inst/O
                         net (fo=8, routed)           0.592     1.435    src_clk_IBUF_BUFG
    SLICE_X42Y6          FDCE                                         r  ff_src_reg[3]/C
  -------------------------------------------------------------------    -------------------
    SLICE_X42Y6          FDCE (Prop_fdce_C_Q)         0.164     1.599 r  ff_src_reg[3]/Q
                         net (fo=1, routed)           0.322     1.921    ff_src[3]
    SLICE_X42Y7          FDCE                                         r  dest_data_reg[3]/D
  -------------------------------------------------------------------    -------------------

                         (clock dest_clk rise edge)
                                                      0.000     0.000 r  
    K11                                               0.000     0.000 r  dest_clk (IN)
                         net (fo=0)                   0.000     0.000    dest_clk
    K11                  IBUF (Prop_ibuf_I_O)         0.390     0.390 r  dest_clk_IBUF_inst/O
                         net (fo=1, routed)           0.683     1.073    dest_clk_IBUF
    BUFGCTRL_X0Y0        BUFG (Prop_bufg_I_O)         0.029     1.102 r  dest_clk_IBUF_BUFG_inst/O
                         net (fo=8, routed)           0.860     1.962    dest_clk_IBUF_BUFG
    SLICE_X42Y7          FDCE                                         r  dest_data_reg[3]/C





--------------------------------------------------------------------------------------
Path Group:  (none)
From Clock:  dest_clk
  To Clock:  src_clk

Max Delay             1 Endpoint
Min Delay             1 Endpoint
--------------------------------------------------------------------------------------


Max Delay Paths
--------------------------------------------------------------------------------------
Slack:                    inf
  Source:                 handshake_dest_reg/C
                            (rising edge-triggered cell FDCE clocked by dest_clk  {rise@0.000ns fall@7.000ns period=14.000ns})
  Destination:            src_sync1_reg/D
                            (rising edge-triggered cell FDCE clocked by src_clk  {rise@0.000ns fall@5.000ns period=10.000ns})
  Path Group:             (none)
  Path Type:              Setup (Max at Slow Process Corner)
  Data Path Delay:        0.800ns  (logic 0.456ns (56.986%)  route 0.344ns (43.014%))
  Logic Levels:           0  
  Clock Path Skew:        -0.528ns (DCD - SCD + CPR)
    Destination Clock Delay (DCD):    4.375ns
    Source Clock Delay      (SCD):    4.903ns
    Clock Pessimism Removal (CPR):    0.000ns
  Clock Uncertainty:      0.035ns  ((TSJ^2 + TIJ^2)^1/2 + DJ) / 2 + PE
    Total System Jitter     (TSJ):    0.071ns
    Total Input Jitter      (TIJ):    0.000ns
    Discrete Jitter          (DJ):    0.000ns
    Phase Error              (PE):    0.000ns
  Timing Exception:       Asynchronous Clock Groups

    Location             Delay type                Incr(ns)  Path(ns)    Netlist Resource(s)
  -------------------------------------------------------------------    -------------------
                         (clock dest_clk rise edge)
                                                      0.000     0.000 r  
    K11                                               0.000     0.000 r  dest_clk (IN)
                         net (fo=0)                   0.000     0.000    dest_clk
    K11                  IBUF (Prop_ibuf_I_O)         0.972     0.972 r  dest_clk_IBUF_inst/O
                         net (fo=1, routed)           2.076     3.048    dest_clk_IBUF
    BUFGCTRL_X0Y0        BUFG (Prop_bufg_I_O)         0.101     3.149 r  dest_clk_IBUF_BUFG_inst/O
                         net (fo=8, routed)           1.754     4.903    dest_clk_IBUF_BUFG
    SLICE_X43Y6          FDCE                                         r  handshake_dest_reg/C
  -------------------------------------------------------------------    -------------------
    SLICE_X43Y6          FDCE (Prop_fdce_C_Q)         0.456     5.359 r  handshake_dest_reg/Q
                         net (fo=2, routed)           0.344     5.703    handshake_dest_reg_n_0
    SLICE_X43Y7          FDCE                                         r  src_sync1_reg/D
  -------------------------------------------------------------------    -------------------

                         (clock src_clk rise edge)    0.000     0.000 r  
    N11                                               0.000     0.000 r  src_clk (IN)
                         net (fo=0)                   0.000     0.000    src_clk
    N11                  IBUF (Prop_ibuf_I_O)         0.828     0.828 r  src_clk_IBUF_inst/O
                         net (fo=1, routed)           1.880     2.708    src_clk_IBUF
    BUFGCTRL_X0Y1        BUFG (Prop_bufg_I_O)         0.091     2.799 r  src_clk_IBUF_BUFG_inst/O
                         net (fo=8, routed)           1.575     4.375    src_clk_IBUF_BUFG
    SLICE_X43Y7          FDCE                                         r  src_sync1_reg/C





Min Delay Paths
--------------------------------------------------------------------------------------
Slack:                    inf
  Source:                 handshake_dest_reg/C
                            (rising edge-triggered cell FDCE clocked by dest_clk  {rise@0.000ns fall@7.000ns period=14.000ns})
  Destination:            src_sync1_reg/D
                            (rising edge-triggered cell FDCE clocked by src_clk  {rise@0.000ns fall@5.000ns period=10.000ns})
  Path Group:             (none)
  Path Type:              Hold (Min at Fast Process Corner)
  Data Path Delay:        0.265ns  (logic 0.141ns (53.167%)  route 0.124ns (46.833%))
  Logic Levels:           0  
  Clock Path Skew:        0.506ns (DCD - SCD - CPR)
    Destination Clock Delay (DCD):    1.951ns
    Source Clock Delay      (SCD):    1.446ns
    Clock Pessimism Removal (CPR):    -0.000ns
  Clock Uncertainty:      0.035ns  ((TSJ^2 + TIJ^2)^1/2 + DJ) / 2 + PE
    Total System Jitter     (TSJ):    0.071ns
    Total Input Jitter      (TIJ):    0.000ns
    Discrete Jitter          (DJ):    0.000ns
    Phase Error              (PE):    0.000ns
  Timing Exception:       Asynchronous Clock Groups

    Location             Delay type                Incr(ns)  Path(ns)    Netlist Resource(s)
  -------------------------------------------------------------------    -------------------
                         (clock dest_clk rise edge)
                                                      0.000     0.000 r  
    K11                                               0.000     0.000 r  dest_clk (IN)
                         net (fo=0)                   0.000     0.000    dest_clk
    K11                  IBUF (Prop_ibuf_I_O)         0.201     0.201 r  dest_clk_IBUF_inst/O
                         net (fo=1, routed)           0.627     0.828    dest_clk_IBUF
    BUFGCTRL_X0Y0        BUFG (Prop_bufg_I_O)         0.026     0.854 r  dest_clk_IBUF_BUFG_inst/O
                         net (fo=8, routed)           0.592     1.446    dest_clk_IBUF_BUFG
    SLICE_X43Y6          FDCE                                         r  handshake_dest_reg/C
  -------------------------------------------------------------------    -------------------
    SLICE_X43Y6          FDCE (Prop_fdce_C_Q)         0.141     1.587 r  handshake_dest_reg/Q
                         net (fo=2, routed)           0.124     1.711    handshake_dest_reg_n_0
    SLICE_X43Y7          FDCE                                         r  src_sync1_reg/D
  -------------------------------------------------------------------    -------------------

                         (clock src_clk rise edge)    0.000     0.000 r  
    N11                                               0.000     0.000 r  src_clk (IN)
                         net (fo=0)                   0.000     0.000    src_clk
    N11                  IBUF (Prop_ibuf_I_O)         0.379     0.379 r  src_clk_IBUF_inst/O
                         net (fo=1, routed)           0.683     1.062    src_clk_IBUF
    BUFGCTRL_X0Y1        BUFG (Prop_bufg_I_O)         0.029     1.091 r  src_clk_IBUF_BUFG_inst/O
                         net (fo=8, routed)           0.860     1.951    src_clk_IBUF_BUFG
    SLICE_X43Y7          FDCE                                         r  src_sync1_reg/C





--------------------------------------------------------------------------------------
Path Group:  (none)
From Clock:  dest_clk
  To Clock:  

Max Delay             4 Endpoints
Min Delay             4 Endpoints
--------------------------------------------------------------------------------------


Max Delay Paths
--------------------------------------------------------------------------------------
Slack:                    inf
  Source:                 dest_data_reg[3]/C
                            (rising edge-triggered cell FDCE clocked by dest_clk  {rise@0.000ns fall@7.000ns period=14.000ns})
  Destination:            dest_data[3]
                            (output port)
  Path Group:             (none)
  Path Type:              Max at Slow Process Corner
  Data Path Delay:        5.033ns  (logic 3.132ns (62.237%)  route 1.900ns (37.763%))
  Logic Levels:           1  (OBUF=1)
  Clock Uncertainty:      0.025ns  ((TSJ^2 + TIJ^2)^1/2 + DJ) / 2 + PE
    Total System Jitter     (TSJ):    0.050ns
    Total Input Jitter      (TIJ):    0.000ns
    Discrete Jitter          (DJ):    0.000ns
    Phase Error              (PE):    0.000ns

    Location             Delay type                Incr(ns)  Path(ns)    Netlist Resource(s)
  -------------------------------------------------------------------    -------------------
                         (clock dest_clk rise edge)
                                                      0.000     0.000 r  
    K11                                               0.000     0.000 r  dest_clk (IN)
                         net (fo=0)                   0.000     0.000    dest_clk
    K11                  IBUF (Prop_ibuf_I_O)         0.972     0.972 r  dest_clk_IBUF_inst/O
                         net (fo=1, routed)           2.076     3.048    dest_clk_IBUF
    BUFGCTRL_X0Y0        BUFG (Prop_bufg_I_O)         0.101     3.149 r  dest_clk_IBUF_BUFG_inst/O
                         net (fo=8, routed)           1.753     4.902    dest_clk_IBUF_BUFG
    SLICE_X42Y7          FDCE                                         r  dest_data_reg[3]/C
  -------------------------------------------------------------------    -------------------
    SLICE_X42Y7          FDCE (Prop_fdce_C_Q)         0.518     5.420 r  dest_data_reg[3]/Q
                         net (fo=1, routed)           1.900     7.321    dest_data_OBUF[3]
    N9                   OBUF (Prop_obuf_I_O)         2.614     9.935 r  dest_data_OBUF[3]_inst/O
                         net (fo=0)                   0.000     9.935    dest_data[3]
    N9                                                                r  dest_data[3] (OUT)
  -------------------------------------------------------------------    -------------------

Slack:                    inf
  Source:                 dest_data_reg[2]/C
                            (rising edge-triggered cell FDCE clocked by dest_clk  {rise@0.000ns fall@7.000ns period=14.000ns})
  Destination:            dest_data[2]
                            (output port)
  Path Group:             (none)
  Path Type:              Max at Slow Process Corner
  Data Path Delay:        5.008ns  (logic 3.204ns (63.982%)  route 1.804ns (36.018%))
  Logic Levels:           1  (OBUF=1)
  Clock Uncertainty:      0.025ns  ((TSJ^2 + TIJ^2)^1/2 + DJ) / 2 + PE
    Total System Jitter     (TSJ):    0.050ns
    Total Input Jitter      (TIJ):    0.000ns
    Discrete Jitter          (DJ):    0.000ns
    Phase Error              (PE):    0.000ns

    Location             Delay type                Incr(ns)  Path(ns)    Netlist Resource(s)
  -------------------------------------------------------------------    -------------------
                         (clock dest_clk rise edge)
                                                      0.000     0.000 r  
    K11                                               0.000     0.000 r  dest_clk (IN)
                         net (fo=0)                   0.000     0.000    dest_clk
    K11                  IBUF (Prop_ibuf_I_O)         0.972     0.972 r  dest_clk_IBUF_inst/O
                         net (fo=1, routed)           2.076     3.048    dest_clk_IBUF
    BUFGCTRL_X0Y0        BUFG (Prop_bufg_I_O)         0.101     3.149 r  dest_clk_IBUF_BUFG_inst/O
                         net (fo=8, routed)           1.753     4.902    dest_clk_IBUF_BUFG
    SLICE_X42Y7          FDCE                                         r  dest_data_reg[2]/C
  -------------------------------------------------------------------    -------------------
    SLICE_X42Y7          FDCE (Prop_fdce_C_Q)         0.518     5.420 r  dest_data_reg[2]/Q
                         net (fo=1, routed)           1.804     7.224    dest_data_OBUF[2]
    R7                   OBUF (Prop_obuf_I_O)         2.686     9.910 r  dest_data_OBUF[2]_inst/O
                         net (fo=0)                   0.000     9.910    dest_data[2]
    R7                                                                r  dest_data[2] (OUT)
  -------------------------------------------------------------------    -------------------

Slack:                    inf
  Source:                 dest_data_reg[1]/C
                            (rising edge-triggered cell FDCE clocked by dest_clk  {rise@0.000ns fall@7.000ns period=14.000ns})
  Destination:            dest_data[1]
                            (output port)
  Path Group:             (none)
  Path Type:              Max at Slow Process Corner
  Data Path Delay:        4.873ns  (logic 3.205ns (65.771%)  route 1.668ns (34.229%))
  Logic Levels:           1  (OBUF=1)
  Clock Uncertainty:      0.025ns  ((TSJ^2 + TIJ^2)^1/2 + DJ) / 2 + PE
    Total System Jitter     (TSJ):    0.050ns
    Total Input Jitter      (TIJ):    0.000ns
    Discrete Jitter          (DJ):    0.000ns
    Phase Error              (PE):    0.000ns

    Location             Delay type                Incr(ns)  Path(ns)    Netlist Resource(s)
  -------------------------------------------------------------------    -------------------
                         (clock dest_clk rise edge)
                                                      0.000     0.000 r  
    K11                                               0.000     0.000 r  dest_clk (IN)
                         net (fo=0)                   0.000     0.000    dest_clk
    K11                  IBUF (Prop_ibuf_I_O)         0.972     0.972 r  dest_clk_IBUF_inst/O
                         net (fo=1, routed)           2.076     3.048    dest_clk_IBUF
    BUFGCTRL_X0Y0        BUFG (Prop_bufg_I_O)         0.101     3.149 r  dest_clk_IBUF_BUFG_inst/O
                         net (fo=8, routed)           1.753     4.902    dest_clk_IBUF_BUFG
    SLICE_X42Y7          FDCE                                         r  dest_data_reg[1]/C
  -------------------------------------------------------------------    -------------------
    SLICE_X42Y7          FDCE (Prop_fdce_C_Q)         0.518     5.420 r  dest_data_reg[1]/Q
                         net (fo=1, routed)           1.668     7.088    dest_data_OBUF[1]
    R8                   OBUF (Prop_obuf_I_O)         2.687     9.775 r  dest_data_OBUF[1]_inst/O
                         net (fo=0)                   0.000     9.775    dest_data[1]
    R8                                                                r  dest_data[1] (OUT)
  -------------------------------------------------------------------    -------------------

Slack:                    inf
  Source:                 dest_data_reg[0]/C
                            (rising edge-triggered cell FDCE clocked by dest_clk  {rise@0.000ns fall@7.000ns period=14.000ns})
  Destination:            dest_data[0]
                            (output port)
  Path Group:             (none)
  Path Type:              Max at Slow Process Corner
  Data Path Delay:        4.859ns  (logic 3.186ns (65.570%)  route 1.673ns (34.430%))
  Logic Levels:           1  (OBUF=1)
  Clock Uncertainty:      0.025ns  ((TSJ^2 + TIJ^2)^1/2 + DJ) / 2 + PE
    Total System Jitter     (TSJ):    0.050ns
    Total Input Jitter      (TIJ):    0.000ns
    Discrete Jitter          (DJ):    0.000ns
    Phase Error              (PE):    0.000ns

    Location             Delay type                Incr(ns)  Path(ns)    Netlist Resource(s)
  -------------------------------------------------------------------    -------------------
                         (clock dest_clk rise edge)
                                                      0.000     0.000 r  
    K11                                               0.000     0.000 r  dest_clk (IN)
                         net (fo=0)                   0.000     0.000    dest_clk
    K11                  IBUF (Prop_ibuf_I_O)         0.972     0.972 r  dest_clk_IBUF_inst/O
                         net (fo=1, routed)           2.076     3.048    dest_clk_IBUF
    BUFGCTRL_X0Y0        BUFG (Prop_bufg_I_O)         0.101     3.149 r  dest_clk_IBUF_BUFG_inst/O
                         net (fo=8, routed)           1.753     4.902    dest_clk_IBUF_BUFG
    SLICE_X42Y7          FDCE                                         r  dest_data_reg[0]/C
  -------------------------------------------------------------------    -------------------
    SLICE_X42Y7          FDCE (Prop_fdce_C_Q)         0.518     5.420 r  dest_data_reg[0]/Q
                         net (fo=1, routed)           1.673     7.093    dest_data_OBUF[0]
    M10                  OBUF (Prop_obuf_I_O)         2.668     9.761 r  dest_data_OBUF[0]_inst/O
                         net (fo=0)                   0.000     9.761    dest_data[0]
    M10                                                               r  dest_data[0] (OUT)
  -------------------------------------------------------------------    -------------------





Min Delay Paths
--------------------------------------------------------------------------------------
Slack:                    inf
  Source:                 dest_data_reg[0]/C
                            (rising edge-triggered cell FDCE clocked by dest_clk  {rise@0.000ns fall@7.000ns period=14.000ns})
  Destination:            dest_data[0]
                            (output port)
  Path Group:             (none)
  Path Type:              Min at Fast Process Corner
  Data Path Delay:        1.677ns  (logic 1.349ns (80.435%)  route 0.328ns (19.565%))
  Logic Levels:           1  (OBUF=1)
  Clock Uncertainty:      0.025ns  ((TSJ^2 + TIJ^2)^1/2 + DJ) / 2 + PE
    Total System Jitter     (TSJ):    0.050ns
    Total Input Jitter      (TIJ):    0.000ns
    Discrete Jitter          (DJ):    0.000ns
    Phase Error              (PE):    0.000ns

    Location             Delay type                Incr(ns)  Path(ns)    Netlist Resource(s)
  -------------------------------------------------------------------    -------------------
                         (clock dest_clk rise edge)
                                                      0.000     0.000 r  
    K11                                               0.000     0.000 r  dest_clk (IN)
                         net (fo=0)                   0.000     0.000    dest_clk
    K11                  IBUF (Prop_ibuf_I_O)         0.201     0.201 r  dest_clk_IBUF_inst/O
                         net (fo=1, routed)           0.627     0.828    dest_clk_IBUF
    BUFGCTRL_X0Y0        BUFG (Prop_bufg_I_O)         0.026     0.854 r  dest_clk_IBUF_BUFG_inst/O
                         net (fo=8, routed)           0.591     1.445    dest_clk_IBUF_BUFG
    SLICE_X42Y7          FDCE                                         r  dest_data_reg[0]/C
  -------------------------------------------------------------------    -------------------
    SLICE_X42Y7          FDCE (Prop_fdce_C_Q)         0.164     1.609 r  dest_data_reg[0]/Q
                         net (fo=1, routed)           0.328     1.937    dest_data_OBUF[0]
    M10                  OBUF (Prop_obuf_I_O)         1.185     3.121 r  dest_data_OBUF[0]_inst/O
                         net (fo=0)                   0.000     3.121    dest_data[0]
    M10                                                               r  dest_data[0] (OUT)
  -------------------------------------------------------------------    -------------------

Slack:                    inf
  Source:                 dest_data_reg[1]/C
                            (rising edge-triggered cell FDCE clocked by dest_clk  {rise@0.000ns fall@7.000ns period=14.000ns})
  Destination:            dest_data[1]
                            (output port)
  Path Group:             (none)
  Path Type:              Min at Fast Process Corner
  Data Path Delay:        1.708ns  (logic 1.367ns (80.038%)  route 0.341ns (19.962%))
  Logic Levels:           1  (OBUF=1)
  Clock Uncertainty:      0.025ns  ((TSJ^2 + TIJ^2)^1/2 + DJ) / 2 + PE
    Total System Jitter     (TSJ):    0.050ns
    Total Input Jitter      (TIJ):    0.000ns
    Discrete Jitter          (DJ):    0.000ns
    Phase Error              (PE):    0.000ns

    Location             Delay type                Incr(ns)  Path(ns)    Netlist Resource(s)
  -------------------------------------------------------------------    -------------------
                         (clock dest_clk rise edge)
                                                      0.000     0.000 r  
    K11                                               0.000     0.000 r  dest_clk (IN)
                         net (fo=0)                   0.000     0.000    dest_clk
    K11                  IBUF (Prop_ibuf_I_O)         0.201     0.201 r  dest_clk_IBUF_inst/O
                         net (fo=1, routed)           0.627     0.828    dest_clk_IBUF
    BUFGCTRL_X0Y0        BUFG (Prop_bufg_I_O)         0.026     0.854 r  dest_clk_IBUF_BUFG_inst/O
                         net (fo=8, routed)           0.591     1.445    dest_clk_IBUF_BUFG
    SLICE_X42Y7          FDCE                                         r  dest_data_reg[1]/C
  -------------------------------------------------------------------    -------------------
    SLICE_X42Y7          FDCE (Prop_fdce_C_Q)         0.164     1.609 r  dest_data_reg[1]/Q
                         net (fo=1, routed)           0.341     1.950    dest_data_OBUF[1]
    R8                   OBUF (Prop_obuf_I_O)         1.203     3.153 r  dest_data_OBUF[1]_inst/O
                         net (fo=0)                   0.000     3.153    dest_data[1]
    R8                                                                r  dest_data[1] (OUT)
  -------------------------------------------------------------------    -------------------

Slack:                    inf
  Source:                 dest_data_reg[3]/C
                            (rising edge-triggered cell FDCE clocked by dest_clk  {rise@0.000ns fall@7.000ns period=14.000ns})
  Destination:            dest_data[3]
                            (output port)
  Path Group:             (none)
  Path Type:              Min at Fast Process Corner
  Data Path Delay:        1.710ns  (logic 1.295ns (75.757%)  route 0.414ns (24.243%))
  Logic Levels:           1  (OBUF=1)
  Clock Uncertainty:      0.025ns  ((TSJ^2 + TIJ^2)^1/2 + DJ) / 2 + PE
    Total System Jitter     (TSJ):    0.050ns
    Total Input Jitter      (TIJ):    0.000ns
    Discrete Jitter          (DJ):    0.000ns
    Phase Error              (PE):    0.000ns

    Location             Delay type                Incr(ns)  Path(ns)    Netlist Resource(s)
  -------------------------------------------------------------------    -------------------
                         (clock dest_clk rise edge)
                                                      0.000     0.000 r  
    K11                                               0.000     0.000 r  dest_clk (IN)
                         net (fo=0)                   0.000     0.000    dest_clk
    K11                  IBUF (Prop_ibuf_I_O)         0.201     0.201 r  dest_clk_IBUF_inst/O
                         net (fo=1, routed)           0.627     0.828    dest_clk_IBUF
    BUFGCTRL_X0Y0        BUFG (Prop_bufg_I_O)         0.026     0.854 r  dest_clk_IBUF_BUFG_inst/O
                         net (fo=8, routed)           0.591     1.445    dest_clk_IBUF_BUFG
    SLICE_X42Y7          FDCE                                         r  dest_data_reg[3]/C
  -------------------------------------------------------------------    -------------------
    SLICE_X42Y7          FDCE (Prop_fdce_C_Q)         0.164     1.609 r  dest_data_reg[3]/Q
                         net (fo=1, routed)           0.414     2.023    dest_data_OBUF[3]
    N9                   OBUF (Prop_obuf_I_O)         1.131     3.154 r  dest_data_OBUF[3]_inst/O
                         net (fo=0)                   0.000     3.154    dest_data[3]
    N9                                                                r  dest_data[3] (OUT)
  -------------------------------------------------------------------    -------------------

Slack:                    inf
  Source:                 dest_data_reg[2]/C
                            (rising edge-triggered cell FDCE clocked by dest_clk  {rise@0.000ns fall@7.000ns period=14.000ns})
  Destination:            dest_data[2]
                            (output port)
  Path Group:             (none)
  Path Type:              Min at Fast Process Corner
  Data Path Delay:        1.762ns  (logic 1.367ns (77.582%)  route 0.395ns (22.418%))
  Logic Levels:           1  (OBUF=1)
  Clock Uncertainty:      0.025ns  ((TSJ^2 + TIJ^2)^1/2 + DJ) / 2 + PE
    Total System Jitter     (TSJ):    0.050ns
    Total Input Jitter      (TIJ):    0.000ns
    Discrete Jitter          (DJ):    0.000ns
    Phase Error              (PE):    0.000ns

    Location             Delay type                Incr(ns)  Path(ns)    Netlist Resource(s)
  -------------------------------------------------------------------    -------------------
                         (clock dest_clk rise edge)
                                                      0.000     0.000 r  
    K11                                               0.000     0.000 r  dest_clk (IN)
                         net (fo=0)                   0.000     0.000    dest_clk
    K11                  IBUF (Prop_ibuf_I_O)         0.201     0.201 r  dest_clk_IBUF_inst/O
                         net (fo=1, routed)           0.627     0.828    dest_clk_IBUF
    BUFGCTRL_X0Y0        BUFG (Prop_bufg_I_O)         0.026     0.854 r  dest_clk_IBUF_BUFG_inst/O
                         net (fo=8, routed)           0.591     1.445    dest_clk_IBUF_BUFG
    SLICE_X42Y7          FDCE                                         r  dest_data_reg[2]/C
  -------------------------------------------------------------------    -------------------
    SLICE_X42Y7          FDCE (Prop_fdce_C_Q)         0.164     1.609 r  dest_data_reg[2]/Q
                         net (fo=1, routed)           0.395     2.003    dest_data_OBUF[2]
    R7                   OBUF (Prop_obuf_I_O)         1.203     3.206 r  dest_data_OBUF[2]_inst/O
                         net (fo=0)                   0.000     3.206    dest_data[2]
    R7                                                                r  dest_data[2] (OUT)
  -------------------------------------------------------------------    -------------------





--------------------------------------------------------------------------------------
Path Group:  (none)
From Clock:  
  To Clock:  dest_clk

Max Delay             8 Endpoints
Min Delay             8 Endpoints
--------------------------------------------------------------------------------------


Max Delay Paths
--------------------------------------------------------------------------------------
Slack:                    inf
  Source:                 dest_arstn
                            (input port)
  Destination:            dest_data_reg[0]/CLR
                            (recovery check against rising-edge clock dest_clk  {rise@0.000ns fall@7.000ns period=14.000ns})
  Path Group:             (none)
  Path Type:              Recovery (Max at Slow Process Corner)
  Data Path Delay:        3.436ns  (logic 1.141ns (33.217%)  route 2.295ns (66.783%))
  Logic Levels:           2  (IBUF=1 LUT1=1)
  Clock Path Skew:        4.385ns (DCD - SCD + CPR)
    Destination Clock Delay (DCD):    4.385ns
    Source Clock Delay      (SCD):    0.000ns
    Clock Pessimism Removal (CPR):    0.000ns
  Clock Uncertainty:      0.025ns  ((TSJ^2 + TIJ^2)^1/2 + DJ) / 2 + PE
    Total System Jitter     (TSJ):    0.050ns
    Total Input Jitter      (TIJ):    0.000ns
    Discrete Jitter          (DJ):    0.000ns
    Phase Error              (PE):    0.000ns

    Location             Delay type                Incr(ns)  Path(ns)    Netlist Resource(s)
  -------------------------------------------------------------------    -------------------
    N8                                                0.000     0.000 r  dest_arstn (IN)
                         net (fo=0)                   0.000     0.000    dest_arstn
    N8                   IBUF (Prop_ibuf_I_O)         1.017     1.017 r  dest_arstn_IBUF_inst/O
                         net (fo=1, routed)           1.373     2.390    dest_arstn_IBUF
    SLICE_X43Y6          LUT1 (Prop_lut1_I0_O)        0.124     2.514 f  dest_sync1_i_1/O
                         net (fo=8, routed)           0.922     3.436    dest_sync1_i_1_n_0
    SLICE_X42Y7          FDCE                                         f  dest_data_reg[0]/CLR
  -------------------------------------------------------------------    -------------------

                         (clock dest_clk rise edge)
                                                      0.000     0.000 r  
    K11                                               0.000     0.000 r  dest_clk (IN)
                         net (fo=0)                   0.000     0.000    dest_clk
    K11                  IBUF (Prop_ibuf_I_O)         0.838     0.838 r  dest_clk_IBUF_inst/O
                         net (fo=1, routed)           1.880     2.718    dest_clk_IBUF
    BUFGCTRL_X0Y0        BUFG (Prop_bufg_I_O)         0.091     2.809 r  dest_clk_IBUF_BUFG_inst/O
                         net (fo=8, routed)           1.575     4.385    dest_clk_IBUF_BUFG
    SLICE_X42Y7          FDCE                                         r  dest_data_reg[0]/C

Slack:                    inf
  Source:                 dest_arstn
                            (input port)
  Destination:            dest_data_reg[1]/CLR
                            (recovery check against rising-edge clock dest_clk  {rise@0.000ns fall@7.000ns period=14.000ns})
  Path Group:             (none)
  Path Type:              Recovery (Max at Slow Process Corner)
  Data Path Delay:        3.436ns  (logic 1.141ns (33.217%)  route 2.295ns (66.783%))
  Logic Levels:           2  (IBUF=1 LUT1=1)
  Clock Path Skew:        4.385ns (DCD - SCD + CPR)
    Destination Clock Delay (DCD):    4.385ns
    Source Clock Delay      (SCD):    0.000ns
    Clock Pessimism Removal (CPR):    0.000ns
  Clock Uncertainty:      0.025ns  ((TSJ^2 + TIJ^2)^1/2 + DJ) / 2 + PE
    Total System Jitter     (TSJ):    0.050ns
    Total Input Jitter      (TIJ):    0.000ns
    Discrete Jitter          (DJ):    0.000ns
    Phase Error              (PE):    0.000ns

    Location             Delay type                Incr(ns)  Path(ns)    Netlist Resource(s)
  -------------------------------------------------------------------    -------------------
    N8                                                0.000     0.000 r  dest_arstn (IN)
                         net (fo=0)                   0.000     0.000    dest_arstn
    N8                   IBUF (Prop_ibuf_I_O)         1.017     1.017 r  dest_arstn_IBUF_inst/O
                         net (fo=1, routed)           1.373     2.390    dest_arstn_IBUF
    SLICE_X43Y6          LUT1 (Prop_lut1_I0_O)        0.124     2.514 f  dest_sync1_i_1/O
                         net (fo=8, routed)           0.922     3.436    dest_sync1_i_1_n_0
    SLICE_X42Y7          FDCE                                         f  dest_data_reg[1]/CLR
  -------------------------------------------------------------------    -------------------

                         (clock dest_clk rise edge)
                                                      0.000     0.000 r  
    K11                                               0.000     0.000 r  dest_clk (IN)
                         net (fo=0)                   0.000     0.000    dest_clk
    K11                  IBUF (Prop_ibuf_I_O)         0.838     0.838 r  dest_clk_IBUF_inst/O
                         net (fo=1, routed)           1.880     2.718    dest_clk_IBUF
    BUFGCTRL_X0Y0        BUFG (Prop_bufg_I_O)         0.091     2.809 r  dest_clk_IBUF_BUFG_inst/O
                         net (fo=8, routed)           1.575     4.385    dest_clk_IBUF_BUFG
    SLICE_X42Y7          FDCE                                         r  dest_data_reg[1]/C

Slack:                    inf
  Source:                 dest_arstn
                            (input port)
  Destination:            dest_data_reg[2]/CLR
                            (recovery check against rising-edge clock dest_clk  {rise@0.000ns fall@7.000ns period=14.000ns})
  Path Group:             (none)
  Path Type:              Recovery (Max at Slow Process Corner)
  Data Path Delay:        3.436ns  (logic 1.141ns (33.217%)  route 2.295ns (66.783%))
  Logic Levels:           2  (IBUF=1 LUT1=1)
  Clock Path Skew:        4.385ns (DCD - SCD + CPR)
    Destination Clock Delay (DCD):    4.385ns
    Source Clock Delay      (SCD):    0.000ns
    Clock Pessimism Removal (CPR):    0.000ns
  Clock Uncertainty:      0.025ns  ((TSJ^2 + TIJ^2)^1/2 + DJ) / 2 + PE
    Total System Jitter     (TSJ):    0.050ns
    Total Input Jitter      (TIJ):    0.000ns
    Discrete Jitter          (DJ):    0.000ns
    Phase Error              (PE):    0.000ns

    Location             Delay type                Incr(ns)  Path(ns)    Netlist Resource(s)
  -------------------------------------------------------------------    -------------------
    N8                                                0.000     0.000 r  dest_arstn (IN)
                         net (fo=0)                   0.000     0.000    dest_arstn
    N8                   IBUF (Prop_ibuf_I_O)         1.017     1.017 r  dest_arstn_IBUF_inst/O
                         net (fo=1, routed)           1.373     2.390    dest_arstn_IBUF
    SLICE_X43Y6          LUT1 (Prop_lut1_I0_O)        0.124     2.514 f  dest_sync1_i_1/O
                         net (fo=8, routed)           0.922     3.436    dest_sync1_i_1_n_0
    SLICE_X42Y7          FDCE                                         f  dest_data_reg[2]/CLR
  -------------------------------------------------------------------    -------------------

                         (clock dest_clk rise edge)
                                                      0.000     0.000 r  
    K11                                               0.000     0.000 r  dest_clk (IN)
                         net (fo=0)                   0.000     0.000    dest_clk
    K11                  IBUF (Prop_ibuf_I_O)         0.838     0.838 r  dest_clk_IBUF_inst/O
                         net (fo=1, routed)           1.880     2.718    dest_clk_IBUF
    BUFGCTRL_X0Y0        BUFG (Prop_bufg_I_O)         0.091     2.809 r  dest_clk_IBUF_BUFG_inst/O
                         net (fo=8, routed)           1.575     4.385    dest_clk_IBUF_BUFG
    SLICE_X42Y7          FDCE                                         r  dest_data_reg[2]/C

Slack:                    inf
  Source:                 dest_arstn
                            (input port)
  Destination:            dest_data_reg[3]/CLR
                            (recovery check against rising-edge clock dest_clk  {rise@0.000ns fall@7.000ns period=14.000ns})
  Path Group:             (none)
  Path Type:              Recovery (Max at Slow Process Corner)
  Data Path Delay:        3.436ns  (logic 1.141ns (33.217%)  route 2.295ns (66.783%))
  Logic Levels:           2  (IBUF=1 LUT1=1)
  Clock Path Skew:        4.385ns (DCD - SCD + CPR)
    Destination Clock Delay (DCD):    4.385ns
    Source Clock Delay      (SCD):    0.000ns
    Clock Pessimism Removal (CPR):    0.000ns
  Clock Uncertainty:      0.025ns  ((TSJ^2 + TIJ^2)^1/2 + DJ) / 2 + PE
    Total System Jitter     (TSJ):    0.050ns
    Total Input Jitter      (TIJ):    0.000ns
    Discrete Jitter          (DJ):    0.000ns
    Phase Error              (PE):    0.000ns

    Location             Delay type                Incr(ns)  Path(ns)    Netlist Resource(s)
  -------------------------------------------------------------------    -------------------
    N8                                                0.000     0.000 r  dest_arstn (IN)
                         net (fo=0)                   0.000     0.000    dest_arstn
    N8                   IBUF (Prop_ibuf_I_O)         1.017     1.017 r  dest_arstn_IBUF_inst/O
                         net (fo=1, routed)           1.373     2.390    dest_arstn_IBUF
    SLICE_X43Y6          LUT1 (Prop_lut1_I0_O)        0.124     2.514 f  dest_sync1_i_1/O
                         net (fo=8, routed)           0.922     3.436    dest_sync1_i_1_n_0
    SLICE_X42Y7          FDCE                                         f  dest_data_reg[3]/CLR
  -------------------------------------------------------------------    -------------------

                         (clock dest_clk rise edge)
                                                      0.000     0.000 r  
    K11                                               0.000     0.000 r  dest_clk (IN)
                         net (fo=0)                   0.000     0.000    dest_clk
    K11                  IBUF (Prop_ibuf_I_O)         0.838     0.838 r  dest_clk_IBUF_inst/O
                         net (fo=1, routed)           1.880     2.718    dest_clk_IBUF
    BUFGCTRL_X0Y0        BUFG (Prop_bufg_I_O)         0.091     2.809 r  dest_clk_IBUF_BUFG_inst/O
                         net (fo=8, routed)           1.575     4.385    dest_clk_IBUF_BUFG
    SLICE_X42Y7          FDCE                                         r  dest_data_reg[3]/C

Slack:                    inf
  Source:                 dest_arstn
                            (input port)
  Destination:            dest_sync1_reg/CLR
                            (recovery check against rising-edge clock dest_clk  {rise@0.000ns fall@7.000ns period=14.000ns})
  Path Group:             (none)
  Path Type:              Recovery (Max at Slow Process Corner)
  Data Path Delay:        3.146ns  (logic 1.141ns (36.284%)  route 2.004ns (63.716%))
  Logic Levels:           2  (IBUF=1 LUT1=1)
  Clock Path Skew:        4.386ns (DCD - SCD + CPR)
    Destination Clock Delay (DCD):    4.386ns
    Source Clock Delay      (SCD):    0.000ns
    Clock Pessimism Removal (CPR):    0.000ns
  Clock Uncertainty:      0.025ns  ((TSJ^2 + TIJ^2)^1/2 + DJ) / 2 + PE
    Total System Jitter     (TSJ):    0.050ns
    Total Input Jitter      (TIJ):    0.000ns
    Discrete Jitter          (DJ):    0.000ns
    Phase Error              (PE):    0.000ns

    Location             Delay type                Incr(ns)  Path(ns)    Netlist Resource(s)
  -------------------------------------------------------------------    -------------------
    N8                                                0.000     0.000 r  dest_arstn (IN)
                         net (fo=0)                   0.000     0.000    dest_arstn
    N8                   IBUF (Prop_ibuf_I_O)         1.017     1.017 r  dest_arstn_IBUF_inst/O
                         net (fo=1, routed)           1.373     2.390    dest_arstn_IBUF
    SLICE_X43Y6          LUT1 (Prop_lut1_I0_O)        0.124     2.514 f  dest_sync1_i_1/O
                         net (fo=8, routed)           0.632     3.146    dest_sync1_i_1_n_0
    SLICE_X43Y6          FDCE                                         f  dest_sync1_reg/CLR
  -------------------------------------------------------------------    -------------------

                         (clock dest_clk rise edge)
                                                      0.000     0.000 r  
    K11                                               0.000     0.000 r  dest_clk (IN)
                         net (fo=0)                   0.000     0.000    dest_clk
    K11                  IBUF (Prop_ibuf_I_O)         0.838     0.838 r  dest_clk_IBUF_inst/O
                         net (fo=1, routed)           1.880     2.718    dest_clk_IBUF
    BUFGCTRL_X0Y0        BUFG (Prop_bufg_I_O)         0.091     2.809 r  dest_clk_IBUF_BUFG_inst/O
                         net (fo=8, routed)           1.576     4.386    dest_clk_IBUF_BUFG
    SLICE_X43Y6          FDCE                                         r  dest_sync1_reg/C

Slack:                    inf
  Source:                 dest_arstn
                            (input port)
  Destination:            dest_sync2_reg/CLR
                            (recovery check against rising-edge clock dest_clk  {rise@0.000ns fall@7.000ns period=14.000ns})
  Path Group:             (none)
  Path Type:              Recovery (Max at Slow Process Corner)
  Data Path Delay:        3.146ns  (logic 1.141ns (36.284%)  route 2.004ns (63.716%))
  Logic Levels:           2  (IBUF=1 LUT1=1)
  Clock Path Skew:        4.386ns (DCD - SCD + CPR)
    Destination Clock Delay (DCD):    4.386ns
    Source Clock Delay      (SCD):    0.000ns
    Clock Pessimism Removal (CPR):    0.000ns
  Clock Uncertainty:      0.025ns  ((TSJ^2 + TIJ^2)^1/2 + DJ) / 2 + PE
    Total System Jitter     (TSJ):    0.050ns
    Total Input Jitter      (TIJ):    0.000ns
    Discrete Jitter          (DJ):    0.000ns
    Phase Error              (PE):    0.000ns

    Location             Delay type                Incr(ns)  Path(ns)    Netlist Resource(s)
  -------------------------------------------------------------------    -------------------
    N8                                                0.000     0.000 r  dest_arstn (IN)
                         net (fo=0)                   0.000     0.000    dest_arstn
    N8                   IBUF (Prop_ibuf_I_O)         1.017     1.017 r  dest_arstn_IBUF_inst/O
                         net (fo=1, routed)           1.373     2.390    dest_arstn_IBUF
    SLICE_X43Y6          LUT1 (Prop_lut1_I0_O)        0.124     2.514 f  dest_sync1_i_1/O
                         net (fo=8, routed)           0.632     3.146    dest_sync1_i_1_n_0
    SLICE_X43Y6          FDCE                                         f  dest_sync2_reg/CLR
  -------------------------------------------------------------------    -------------------

                         (clock dest_clk rise edge)
                                                      0.000     0.000 r  
    K11                                               0.000     0.000 r  dest_clk (IN)
                         net (fo=0)                   0.000     0.000    dest_clk
    K11                  IBUF (Prop_ibuf_I_O)         0.838     0.838 r  dest_clk_IBUF_inst/O
                         net (fo=1, routed)           1.880     2.718    dest_clk_IBUF
    BUFGCTRL_X0Y0        BUFG (Prop_bufg_I_O)         0.091     2.809 r  dest_clk_IBUF_BUFG_inst/O
                         net (fo=8, routed)           1.576     4.386    dest_clk_IBUF_BUFG
    SLICE_X43Y6          FDCE                                         r  dest_sync2_reg/C

Slack:                    inf
  Source:                 dest_arstn
                            (input port)
  Destination:            dest_sync3_reg/CLR
                            (recovery check against rising-edge clock dest_clk  {rise@0.000ns fall@7.000ns period=14.000ns})
  Path Group:             (none)
  Path Type:              Recovery (Max at Slow Process Corner)
  Data Path Delay:        3.146ns  (logic 1.141ns (36.284%)  route 2.004ns (63.716%))
  Logic Levels:           2  (IBUF=1 LUT1=1)
  Clock Path Skew:        4.386ns (DCD - SCD + CPR)
    Destination Clock Delay (DCD):    4.386ns
    Source Clock Delay      (SCD):    0.000ns
    Clock Pessimism Removal (CPR):    0.000ns
  Clock Uncertainty:      0.025ns  ((TSJ^2 + TIJ^2)^1/2 + DJ) / 2 + PE
    Total System Jitter     (TSJ):    0.050ns
    Total Input Jitter      (TIJ):    0.000ns
    Discrete Jitter          (DJ):    0.000ns
    Phase Error              (PE):    0.000ns

    Location             Delay type                Incr(ns)  Path(ns)    Netlist Resource(s)
  -------------------------------------------------------------------    -------------------
    N8                                                0.000     0.000 r  dest_arstn (IN)
                         net (fo=0)                   0.000     0.000    dest_arstn
    N8                   IBUF (Prop_ibuf_I_O)         1.017     1.017 r  dest_arstn_IBUF_inst/O
                         net (fo=1, routed)           1.373     2.390    dest_arstn_IBUF
    SLICE_X43Y6          LUT1 (Prop_lut1_I0_O)        0.124     2.514 f  dest_sync1_i_1/O
                         net (fo=8, routed)           0.632     3.146    dest_sync1_i_1_n_0
    SLICE_X43Y6          FDCE                                         f  dest_sync3_reg/CLR
  -------------------------------------------------------------------    -------------------

                         (clock dest_clk rise edge)
                                                      0.000     0.000 r  
    K11                                               0.000     0.000 r  dest_clk (IN)
                         net (fo=0)                   0.000     0.000    dest_clk
    K11                  IBUF (Prop_ibuf_I_O)         0.838     0.838 r  dest_clk_IBUF_inst/O
                         net (fo=1, routed)           1.880     2.718    dest_clk_IBUF
    BUFGCTRL_X0Y0        BUFG (Prop_bufg_I_O)         0.091     2.809 r  dest_clk_IBUF_BUFG_inst/O
                         net (fo=8, routed)           1.576     4.386    dest_clk_IBUF_BUFG
    SLICE_X43Y6          FDCE                                         r  dest_sync3_reg/C

Slack:                    inf
  Source:                 dest_arstn
                            (input port)
  Destination:            handshake_dest_reg/CLR
                            (recovery check against rising-edge clock dest_clk  {rise@0.000ns fall@7.000ns period=14.000ns})
  Path Group:             (none)
  Path Type:              Recovery (Max at Slow Process Corner)
  Data Path Delay:        3.146ns  (logic 1.141ns (36.284%)  route 2.004ns (63.716%))
  Logic Levels:           2  (IBUF=1 LUT1=1)
  Clock Path Skew:        4.386ns (DCD - SCD + CPR)
    Destination Clock Delay (DCD):    4.386ns
    Source Clock Delay      (SCD):    0.000ns
    Clock Pessimism Removal (CPR):    0.000ns
  Clock Uncertainty:      0.025ns  ((TSJ^2 + TIJ^2)^1/2 + DJ) / 2 + PE
    Total System Jitter     (TSJ):    0.050ns
    Total Input Jitter      (TIJ):    0.000ns
    Discrete Jitter          (DJ):    0.000ns
    Phase Error              (PE):    0.000ns

    Location             Delay type                Incr(ns)  Path(ns)    Netlist Resource(s)
  -------------------------------------------------------------------    -------------------
    N8                                                0.000     0.000 r  dest_arstn (IN)
                         net (fo=0)                   0.000     0.000    dest_arstn
    N8                   IBUF (Prop_ibuf_I_O)         1.017     1.017 r  dest_arstn_IBUF_inst/O
                         net (fo=1, routed)           1.373     2.390    dest_arstn_IBUF
    SLICE_X43Y6          LUT1 (Prop_lut1_I0_O)        0.124     2.514 f  dest_sync1_i_1/O
                         net (fo=8, routed)           0.632     3.146    dest_sync1_i_1_n_0
    SLICE_X43Y6          FDCE                                         f  handshake_dest_reg/CLR
  -------------------------------------------------------------------    -------------------

                         (clock dest_clk rise edge)
                                                      0.000     0.000 r  
    K11                                               0.000     0.000 r  dest_clk (IN)
                         net (fo=0)                   0.000     0.000    dest_clk
    K11                  IBUF (Prop_ibuf_I_O)         0.838     0.838 r  dest_clk_IBUF_inst/O
                         net (fo=1, routed)           1.880     2.718    dest_clk_IBUF
    BUFGCTRL_X0Y0        BUFG (Prop_bufg_I_O)         0.091     2.809 r  dest_clk_IBUF_BUFG_inst/O
                         net (fo=8, routed)           1.576     4.386    dest_clk_IBUF_BUFG
    SLICE_X43Y6          FDCE                                         r  handshake_dest_reg/C





Min Delay Paths
--------------------------------------------------------------------------------------
Slack:                    inf
  Source:                 dest_arstn
                            (input port)
  Destination:            dest_sync1_reg/CLR
                            (removal check against rising-edge clock dest_clk  {rise@0.000ns fall@7.000ns period=14.000ns})
  Path Group:             (none)
  Path Type:              Removal (Min at Fast Process Corner)
  Data Path Delay:        1.030ns  (logic 0.291ns (28.224%)  route 0.739ns (71.776%))
  Logic Levels:           2  (IBUF=1 LUT1=1)
  Clock Path Skew:        1.963ns (DCD - SCD - CPR)
    Destination Clock Delay (DCD):    1.963ns
    Source Clock Delay      (SCD):    0.000ns
    Clock Pessimism Removal (CPR):    -0.000ns

    Location             Delay type                Incr(ns)  Path(ns)    Netlist Resource(s)
  -------------------------------------------------------------------    -------------------
    N8                                                0.000     0.000 r  dest_arstn (IN)
                         net (fo=0)                   0.000     0.000    dest_arstn
    N8                   IBUF (Prop_ibuf_I_O)         0.246     0.246 r  dest_arstn_IBUF_inst/O
                         net (fo=1, routed)           0.499     0.744    dest_arstn_IBUF
    SLICE_X43Y6          LUT1 (Prop_lut1_I0_O)        0.045     0.789 f  dest_sync1_i_1/O
                         net (fo=8, routed)           0.241     1.030    dest_sync1_i_1_n_0
    SLICE_X43Y6          FDCE                                         f  dest_sync1_reg/CLR
  -------------------------------------------------------------------    -------------------

                         (clock dest_clk rise edge)
                                                      0.000     0.000 r  
    K11                                               0.000     0.000 r  dest_clk (IN)
                         net (fo=0)                   0.000     0.000    dest_clk
    K11                  IBUF (Prop_ibuf_I_O)         0.390     0.390 r  dest_clk_IBUF_inst/O
                         net (fo=1, routed)           0.683     1.073    dest_clk_IBUF
    BUFGCTRL_X0Y0        BUFG (Prop_bufg_I_O)         0.029     1.102 r  dest_clk_IBUF_BUFG_inst/O
                         net (fo=8, routed)           0.861     1.963    dest_clk_IBUF_BUFG
    SLICE_X43Y6          FDCE                                         r  dest_sync1_reg/C

Slack:                    inf
  Source:                 dest_arstn
                            (input port)
  Destination:            dest_sync2_reg/CLR
                            (removal check against rising-edge clock dest_clk  {rise@0.000ns fall@7.000ns period=14.000ns})
  Path Group:             (none)
  Path Type:              Removal (Min at Fast Process Corner)
  Data Path Delay:        1.030ns  (logic 0.291ns (28.224%)  route 0.739ns (71.776%))
  Logic Levels:           2  (IBUF=1 LUT1=1)
  Clock Path Skew:        1.963ns (DCD - SCD - CPR)
    Destination Clock Delay (DCD):    1.963ns
    Source Clock Delay      (SCD):    0.000ns
    Clock Pessimism Removal (CPR):    -0.000ns

    Location             Delay type                Incr(ns)  Path(ns)    Netlist Resource(s)
  -------------------------------------------------------------------    -------------------
    N8                                                0.000     0.000 r  dest_arstn (IN)
                         net (fo=0)                   0.000     0.000    dest_arstn
    N8                   IBUF (Prop_ibuf_I_O)         0.246     0.246 r  dest_arstn_IBUF_inst/O
                         net (fo=1, routed)           0.499     0.744    dest_arstn_IBUF
    SLICE_X43Y6          LUT1 (Prop_lut1_I0_O)        0.045     0.789 f  dest_sync1_i_1/O
                         net (fo=8, routed)           0.241     1.030    dest_sync1_i_1_n_0
    SLICE_X43Y6          FDCE                                         f  dest_sync2_reg/CLR
  -------------------------------------------------------------------    -------------------

                         (clock dest_clk rise edge)
                                                      0.000     0.000 r  
    K11                                               0.000     0.000 r  dest_clk (IN)
                         net (fo=0)                   0.000     0.000    dest_clk
    K11                  IBUF (Prop_ibuf_I_O)         0.390     0.390 r  dest_clk_IBUF_inst/O
                         net (fo=1, routed)           0.683     1.073    dest_clk_IBUF
    BUFGCTRL_X0Y0        BUFG (Prop_bufg_I_O)         0.029     1.102 r  dest_clk_IBUF_BUFG_inst/O
                         net (fo=8, routed)           0.861     1.963    dest_clk_IBUF_BUFG
    SLICE_X43Y6          FDCE                                         r  dest_sync2_reg/C

Slack:                    inf
  Source:                 dest_arstn
                            (input port)
  Destination:            dest_sync3_reg/CLR
                            (removal check against rising-edge clock dest_clk  {rise@0.000ns fall@7.000ns period=14.000ns})
  Path Group:             (none)
  Path Type:              Removal (Min at Fast Process Corner)
  Data Path Delay:        1.030ns  (logic 0.291ns (28.224%)  route 0.739ns (71.776%))
  Logic Levels:           2  (IBUF=1 LUT1=1)
  Clock Path Skew:        1.963ns (DCD - SCD - CPR)
    Destination Clock Delay (DCD):    1.963ns
    Source Clock Delay      (SCD):    0.000ns
    Clock Pessimism Removal (CPR):    -0.000ns

    Location             Delay type                Incr(ns)  Path(ns)    Netlist Resource(s)
  -------------------------------------------------------------------    -------------------
    N8                                                0.000     0.000 r  dest_arstn (IN)
                         net (fo=0)                   0.000     0.000    dest_arstn
    N8                   IBUF (Prop_ibuf_I_O)         0.246     0.246 r  dest_arstn_IBUF_inst/O
                         net (fo=1, routed)           0.499     0.744    dest_arstn_IBUF
    SLICE_X43Y6          LUT1 (Prop_lut1_I0_O)        0.045     0.789 f  dest_sync1_i_1/O
                         net (fo=8, routed)           0.241     1.030    dest_sync1_i_1_n_0
    SLICE_X43Y6          FDCE                                         f  dest_sync3_reg/CLR
  -------------------------------------------------------------------    -------------------

                         (clock dest_clk rise edge)
                                                      0.000     0.000 r  
    K11                                               0.000     0.000 r  dest_clk (IN)
                         net (fo=0)                   0.000     0.000    dest_clk
    K11                  IBUF (Prop_ibuf_I_O)         0.390     0.390 r  dest_clk_IBUF_inst/O
                         net (fo=1, routed)           0.683     1.073    dest_clk_IBUF
    BUFGCTRL_X0Y0        BUFG (Prop_bufg_I_O)         0.029     1.102 r  dest_clk_IBUF_BUFG_inst/O
                         net (fo=8, routed)           0.861     1.963    dest_clk_IBUF_BUFG
    SLICE_X43Y6          FDCE                                         r  dest_sync3_reg/C

Slack:                    inf
  Source:                 dest_arstn
                            (input port)
  Destination:            handshake_dest_reg/CLR
                            (removal check against rising-edge clock dest_clk  {rise@0.000ns fall@7.000ns period=14.000ns})
  Path Group:             (none)
  Path Type:              Removal (Min at Fast Process Corner)
  Data Path Delay:        1.030ns  (logic 0.291ns (28.224%)  route 0.739ns (71.776%))
  Logic Levels:           2  (IBUF=1 LUT1=1)
  Clock Path Skew:        1.963ns (DCD - SCD - CPR)
    Destination Clock Delay (DCD):    1.963ns
    Source Clock Delay      (SCD):    0.000ns
    Clock Pessimism Removal (CPR):    -0.000ns

    Location             Delay type                Incr(ns)  Path(ns)    Netlist Resource(s)
  -------------------------------------------------------------------    -------------------
    N8                                                0.000     0.000 r  dest_arstn (IN)
                         net (fo=0)                   0.000     0.000    dest_arstn
    N8                   IBUF (Prop_ibuf_I_O)         0.246     0.246 r  dest_arstn_IBUF_inst/O
                         net (fo=1, routed)           0.499     0.744    dest_arstn_IBUF
    SLICE_X43Y6          LUT1 (Prop_lut1_I0_O)        0.045     0.789 f  dest_sync1_i_1/O
                         net (fo=8, routed)           0.241     1.030    dest_sync1_i_1_n_0
    SLICE_X43Y6          FDCE                                         f  handshake_dest_reg/CLR
  -------------------------------------------------------------------    -------------------

                         (clock dest_clk rise edge)
                                                      0.000     0.000 r  
    K11                                               0.000     0.000 r  dest_clk (IN)
                         net (fo=0)                   0.000     0.000    dest_clk
    K11                  IBUF (Prop_ibuf_I_O)         0.390     0.390 r  dest_clk_IBUF_inst/O
                         net (fo=1, routed)           0.683     1.073    dest_clk_IBUF
    BUFGCTRL_X0Y0        BUFG (Prop_bufg_I_O)         0.029     1.102 r  dest_clk_IBUF_BUFG_inst/O
                         net (fo=8, routed)           0.861     1.963    dest_clk_IBUF_BUFG
    SLICE_X43Y6          FDCE                                         r  handshake_dest_reg/C

Slack:                    inf
  Source:                 dest_arstn
                            (input port)
  Destination:            dest_data_reg[0]/CLR
                            (removal check against rising-edge clock dest_clk  {rise@0.000ns fall@7.000ns period=14.000ns})
  Path Group:             (none)
  Path Type:              Removal (Min at Fast Process Corner)
  Data Path Delay:        1.145ns  (logic 0.291ns (25.401%)  route 0.854ns (74.599%))
  Logic Levels:           2  (IBUF=1 LUT1=1)
  Clock Path Skew:        1.962ns (DCD - SCD - CPR)
    Destination Clock Delay (DCD):    1.962ns
    Source Clock Delay      (SCD):    0.000ns
    Clock Pessimism Removal (CPR):    -0.000ns

    Location             Delay type                Incr(ns)  Path(ns)    Netlist Resource(s)
  -------------------------------------------------------------------    -------------------
    N8                                                0.000     0.000 r  dest_arstn (IN)
                         net (fo=0)                   0.000     0.000    dest_arstn
    N8                   IBUF (Prop_ibuf_I_O)         0.246     0.246 r  dest_arstn_IBUF_inst/O
                         net (fo=1, routed)           0.499     0.744    dest_arstn_IBUF
    SLICE_X43Y6          LUT1 (Prop_lut1_I0_O)        0.045     0.789 f  dest_sync1_i_1/O
                         net (fo=8, routed)           0.355     1.145    dest_sync1_i_1_n_0
    SLICE_X42Y7          FDCE                                         f  dest_data_reg[0]/CLR
  -------------------------------------------------------------------    -------------------

                         (clock dest_clk rise edge)
                                                      0.000     0.000 r  
    K11                                               0.000     0.000 r  dest_clk (IN)
                         net (fo=0)                   0.000     0.000    dest_clk
    K11                  IBUF (Prop_ibuf_I_O)         0.390     0.390 r  dest_clk_IBUF_inst/O
                         net (fo=1, routed)           0.683     1.073    dest_clk_IBUF
    BUFGCTRL_X0Y0        BUFG (Prop_bufg_I_O)         0.029     1.102 r  dest_clk_IBUF_BUFG_inst/O
                         net (fo=8, routed)           0.860     1.962    dest_clk_IBUF_BUFG
    SLICE_X42Y7          FDCE                                         r  dest_data_reg[0]/C

Slack:                    inf
  Source:                 dest_arstn
                            (input port)
  Destination:            dest_data_reg[1]/CLR
                            (removal check against rising-edge clock dest_clk  {rise@0.000ns fall@7.000ns period=14.000ns})
  Path Group:             (none)
  Path Type:              Removal (Min at Fast Process Corner)
  Data Path Delay:        1.145ns  (logic 0.291ns (25.401%)  route 0.854ns (74.599%))
  Logic Levels:           2  (IBUF=1 LUT1=1)
  Clock Path Skew:        1.962ns (DCD - SCD - CPR)
    Destination Clock Delay (DCD):    1.962ns
    Source Clock Delay      (SCD):    0.000ns
    Clock Pessimism Removal (CPR):    -0.000ns

    Location             Delay type                Incr(ns)  Path(ns)    Netlist Resource(s)
  -------------------------------------------------------------------    -------------------
    N8                                                0.000     0.000 r  dest_arstn (IN)
                         net (fo=0)                   0.000     0.000    dest_arstn
    N8                   IBUF (Prop_ibuf_I_O)         0.246     0.246 r  dest_arstn_IBUF_inst/O
                         net (fo=1, routed)           0.499     0.744    dest_arstn_IBUF
    SLICE_X43Y6          LUT1 (Prop_lut1_I0_O)        0.045     0.789 f  dest_sync1_i_1/O
                         net (fo=8, routed)           0.355     1.145    dest_sync1_i_1_n_0
    SLICE_X42Y7          FDCE                                         f  dest_data_reg[1]/CLR
  -------------------------------------------------------------------    -------------------

                         (clock dest_clk rise edge)
                                                      0.000     0.000 r  
    K11                                               0.000     0.000 r  dest_clk (IN)
                         net (fo=0)                   0.000     0.000    dest_clk
    K11                  IBUF (Prop_ibuf_I_O)         0.390     0.390 r  dest_clk_IBUF_inst/O
                         net (fo=1, routed)           0.683     1.073    dest_clk_IBUF
    BUFGCTRL_X0Y0        BUFG (Prop_bufg_I_O)         0.029     1.102 r  dest_clk_IBUF_BUFG_inst/O
                         net (fo=8, routed)           0.860     1.962    dest_clk_IBUF_BUFG
    SLICE_X42Y7          FDCE                                         r  dest_data_reg[1]/C

Slack:                    inf
  Source:                 dest_arstn
                            (input port)
  Destination:            dest_data_reg[2]/CLR
                            (removal check against rising-edge clock dest_clk  {rise@0.000ns fall@7.000ns period=14.000ns})
  Path Group:             (none)
  Path Type:              Removal (Min at Fast Process Corner)
  Data Path Delay:        1.145ns  (logic 0.291ns (25.401%)  route 0.854ns (74.599%))
  Logic Levels:           2  (IBUF=1 LUT1=1)
  Clock Path Skew:        1.962ns (DCD - SCD - CPR)
    Destination Clock Delay (DCD):    1.962ns
    Source Clock Delay      (SCD):    0.000ns
    Clock Pessimism Removal (CPR):    -0.000ns

    Location             Delay type                Incr(ns)  Path(ns)    Netlist Resource(s)
  -------------------------------------------------------------------    -------------------
    N8                                                0.000     0.000 r  dest_arstn (IN)
                         net (fo=0)                   0.000     0.000    dest_arstn
    N8                   IBUF (Prop_ibuf_I_O)         0.246     0.246 r  dest_arstn_IBUF_inst/O
                         net (fo=1, routed)           0.499     0.744    dest_arstn_IBUF
    SLICE_X43Y6          LUT1 (Prop_lut1_I0_O)        0.045     0.789 f  dest_sync1_i_1/O
                         net (fo=8, routed)           0.355     1.145    dest_sync1_i_1_n_0
    SLICE_X42Y7          FDCE                                         f  dest_data_reg[2]/CLR
  -------------------------------------------------------------------    -------------------

                         (clock dest_clk rise edge)
                                                      0.000     0.000 r  
    K11                                               0.000     0.000 r  dest_clk (IN)
                         net (fo=0)                   0.000     0.000    dest_clk
    K11                  IBUF (Prop_ibuf_I_O)         0.390     0.390 r  dest_clk_IBUF_inst/O
                         net (fo=1, routed)           0.683     1.073    dest_clk_IBUF
    BUFGCTRL_X0Y0        BUFG (Prop_bufg_I_O)         0.029     1.102 r  dest_clk_IBUF_BUFG_inst/O
                         net (fo=8, routed)           0.860     1.962    dest_clk_IBUF_BUFG
    SLICE_X42Y7          FDCE                                         r  dest_data_reg[2]/C

Slack:                    inf
  Source:                 dest_arstn
                            (input port)
  Destination:            dest_data_reg[3]/CLR
                            (removal check against rising-edge clock dest_clk  {rise@0.000ns fall@7.000ns period=14.000ns})
  Path Group:             (none)
  Path Type:              Removal (Min at Fast Process Corner)
  Data Path Delay:        1.145ns  (logic 0.291ns (25.401%)  route 0.854ns (74.599%))
  Logic Levels:           2  (IBUF=1 LUT1=1)
  Clock Path Skew:        1.962ns (DCD - SCD - CPR)
    Destination Clock Delay (DCD):    1.962ns
    Source Clock Delay      (SCD):    0.000ns
    Clock Pessimism Removal (CPR):    -0.000ns

    Location             Delay type                Incr(ns)  Path(ns)    Netlist Resource(s)
  -------------------------------------------------------------------    -------------------
    N8                                                0.000     0.000 r  dest_arstn (IN)
                         net (fo=0)                   0.000     0.000    dest_arstn
    N8                   IBUF (Prop_ibuf_I_O)         0.246     0.246 r  dest_arstn_IBUF_inst/O
                         net (fo=1, routed)           0.499     0.744    dest_arstn_IBUF
    SLICE_X43Y6          LUT1 (Prop_lut1_I0_O)        0.045     0.789 f  dest_sync1_i_1/O
                         net (fo=8, routed)           0.355     1.145    dest_sync1_i_1_n_0
    SLICE_X42Y7          FDCE                                         f  dest_data_reg[3]/CLR
  -------------------------------------------------------------------    -------------------

                         (clock dest_clk rise edge)
                                                      0.000     0.000 r  
    K11                                               0.000     0.000 r  dest_clk (IN)
                         net (fo=0)                   0.000     0.000    dest_clk
    K11                  IBUF (Prop_ibuf_I_O)         0.390     0.390 r  dest_clk_IBUF_inst/O
                         net (fo=1, routed)           0.683     1.073    dest_clk_IBUF
    BUFGCTRL_X0Y0        BUFG (Prop_bufg_I_O)         0.029     1.102 r  dest_clk_IBUF_BUFG_inst/O
                         net (fo=8, routed)           0.860     1.962    dest_clk_IBUF_BUFG
    SLICE_X42Y7          FDCE                                         r  dest_data_reg[3]/C





--------------------------------------------------------------------------------------
Path Group:  (none)
From Clock:  
  To Clock:  src_clk

Max Delay            17 Endpoints
Min Delay            17 Endpoints
--------------------------------------------------------------------------------------


Max Delay Paths
--------------------------------------------------------------------------------------
Slack:                    inf
  Source:                 src_arstn
                            (input port)
  Destination:            handshake_src_reg/CLR
                            (recovery check against rising-edge clock src_clk  {rise@0.000ns fall@5.000ns period=10.000ns})
  Path Group:             (none)
  Path Type:              Recovery (Max at Slow Process Corner)
  Data Path Delay:        2.920ns  (logic 1.142ns (39.115%)  route 1.778ns (60.885%))
  Logic Levels:           2  (IBUF=1 LUT1=1)
  Clock Path Skew:        4.375ns (DCD - SCD + CPR)
    Destination Clock Delay (DCD):    4.375ns
    Source Clock Delay      (SCD):    0.000ns
    Clock Pessimism Removal (CPR):    0.000ns
  Clock Uncertainty:      0.025ns  ((TSJ^2 + TIJ^2)^1/2 + DJ) / 2 + PE
    Total System Jitter     (TSJ):    0.050ns
    Total Input Jitter      (TIJ):    0.000ns
    Discrete Jitter          (DJ):    0.000ns
    Phase Error              (PE):    0.000ns

    Location             Delay type                Incr(ns)  Path(ns)    Netlist Resource(s)
  -------------------------------------------------------------------    -------------------
    N7                                                0.000     0.000 r  src_arstn (IN)
                         net (fo=0)                   0.000     0.000    src_arstn
    N7                   IBUF (Prop_ibuf_I_O)         1.018     1.018 r  src_arstn_IBUF_inst/O
                         net (fo=1, routed)           1.239     2.257    src_arstn_IBUF
    SLICE_X43Y6          LUT1 (Prop_lut1_I0_O)        0.124     2.381 f  src_sync1_i_1/O
                         net (fo=8, routed)           0.539     2.920    src_sync1_i_1_n_0
    SLICE_X43Y7          FDCE                                         f  handshake_src_reg/CLR
  -------------------------------------------------------------------    -------------------

                         (clock src_clk rise edge)    0.000     0.000 r  
    N11                                               0.000     0.000 r  src_clk (IN)
                         net (fo=0)                   0.000     0.000    src_clk
    N11                  IBUF (Prop_ibuf_I_O)         0.828     0.828 r  src_clk_IBUF_inst/O
                         net (fo=1, routed)           1.880     2.708    src_clk_IBUF
    BUFGCTRL_X0Y1        BUFG (Prop_bufg_I_O)         0.091     2.799 r  src_clk_IBUF_BUFG_inst/O
                         net (fo=8, routed)           1.575     4.375    src_clk_IBUF_BUFG
    SLICE_X43Y7          FDCE                                         r  handshake_src_reg/C

Slack:                    inf
  Source:                 src_arstn
                            (input port)
  Destination:            src_sync1_reg/CLR
                            (recovery check against rising-edge clock src_clk  {rise@0.000ns fall@5.000ns period=10.000ns})
  Path Group:             (none)
  Path Type:              Recovery (Max at Slow Process Corner)
  Data Path Delay:        2.920ns  (logic 1.142ns (39.115%)  route 1.778ns (60.885%))
  Logic Levels:           2  (IBUF=1 LUT1=1)
  Clock Path Skew:        4.375ns (DCD - SCD + CPR)
    Destination Clock Delay (DCD):    4.375ns
    Source Clock Delay      (SCD):    0.000ns
    Clock Pessimism Removal (CPR):    0.000ns
  Clock Uncertainty:      0.025ns  ((TSJ^2 + TIJ^2)^1/2 + DJ) / 2 + PE
    Total System Jitter     (TSJ):    0.050ns
    Total Input Jitter      (TIJ):    0.000ns
    Discrete Jitter          (DJ):    0.000ns
    Phase Error              (PE):    0.000ns

    Location             Delay type                Incr(ns)  Path(ns)    Netlist Resource(s)
  -------------------------------------------------------------------    -------------------
    N7                                                0.000     0.000 r  src_arstn (IN)
                         net (fo=0)                   0.000     0.000    src_arstn
    N7                   IBUF (Prop_ibuf_I_O)         1.018     1.018 r  src_arstn_IBUF_inst/O
                         net (fo=1, routed)           1.239     2.257    src_arstn_IBUF
    SLICE_X43Y6          LUT1 (Prop_lut1_I0_O)        0.124     2.381 f  src_sync1_i_1/O
                         net (fo=8, routed)           0.539     2.920    src_sync1_i_1_n_0
    SLICE_X43Y7          FDCE                                         f  src_sync1_reg/CLR
  -------------------------------------------------------------------    -------------------

                         (clock src_clk rise edge)    0.000     0.000 r  
    N11                                               0.000     0.000 r  src_clk (IN)
                         net (fo=0)                   0.000     0.000    src_clk
    N11                  IBUF (Prop_ibuf_I_O)         0.828     0.828 r  src_clk_IBUF_inst/O
                         net (fo=1, routed)           1.880     2.708    src_clk_IBUF
    BUFGCTRL_X0Y1        BUFG (Prop_bufg_I_O)         0.091     2.799 r  src_clk_IBUF_BUFG_inst/O
                         net (fo=8, routed)           1.575     4.375    src_clk_IBUF_BUFG
    SLICE_X43Y7          FDCE                                         r  src_sync1_reg/C

Slack:                    inf
  Source:                 src_arstn
                            (input port)
  Destination:            src_sync2_reg/CLR
                            (recovery check against rising-edge clock src_clk  {rise@0.000ns fall@5.000ns period=10.000ns})
  Path Group:             (none)
  Path Type:              Recovery (Max at Slow Process Corner)
  Data Path Delay:        2.920ns  (logic 1.142ns (39.115%)  route 1.778ns (60.885%))
  Logic Levels:           2  (IBUF=1 LUT1=1)
  Clock Path Skew:        4.375ns (DCD - SCD + CPR)
    Destination Clock Delay (DCD):    4.375ns
    Source Clock Delay      (SCD):    0.000ns
    Clock Pessimism Removal (CPR):    0.000ns
  Clock Uncertainty:      0.025ns  ((TSJ^2 + TIJ^2)^1/2 + DJ) / 2 + PE
    Total System Jitter     (TSJ):    0.050ns
    Total Input Jitter      (TIJ):    0.000ns
    Discrete Jitter          (DJ):    0.000ns
    Phase Error              (PE):    0.000ns

    Location             Delay type                Incr(ns)  Path(ns)    Netlist Resource(s)
  -------------------------------------------------------------------    -------------------
    N7                                                0.000     0.000 r  src_arstn (IN)
                         net (fo=0)                   0.000     0.000    src_arstn
    N7                   IBUF (Prop_ibuf_I_O)         1.018     1.018 r  src_arstn_IBUF_inst/O
                         net (fo=1, routed)           1.239     2.257    src_arstn_IBUF
    SLICE_X43Y6          LUT1 (Prop_lut1_I0_O)        0.124     2.381 f  src_sync1_i_1/O
                         net (fo=8, routed)           0.539     2.920    src_sync1_i_1_n_0
    SLICE_X43Y7          FDCE                                         f  src_sync2_reg/CLR
  -------------------------------------------------------------------    -------------------

                         (clock src_clk rise edge)    0.000     0.000 r  
    N11                                               0.000     0.000 r  src_clk (IN)
                         net (fo=0)                   0.000     0.000    src_clk
    N11                  IBUF (Prop_ibuf_I_O)         0.828     0.828 r  src_clk_IBUF_inst/O
                         net (fo=1, routed)           1.880     2.708    src_clk_IBUF
    BUFGCTRL_X0Y1        BUFG (Prop_bufg_I_O)         0.091     2.799 r  src_clk_IBUF_BUFG_inst/O
                         net (fo=8, routed)           1.575     4.375    src_clk_IBUF_BUFG
    SLICE_X43Y7          FDCE                                         r  src_sync2_reg/C

Slack:                    inf
  Source:                 src_arstn
                            (input port)
  Destination:            src_sync3_reg/CLR
                            (recovery check against rising-edge clock src_clk  {rise@0.000ns fall@5.000ns period=10.000ns})
  Path Group:             (none)
  Path Type:              Recovery (Max at Slow Process Corner)
  Data Path Delay:        2.920ns  (logic 1.142ns (39.115%)  route 1.778ns (60.885%))
  Logic Levels:           2  (IBUF=1 LUT1=1)
  Clock Path Skew:        4.375ns (DCD - SCD + CPR)
    Destination Clock Delay (DCD):    4.375ns
    Source Clock Delay      (SCD):    0.000ns
    Clock Pessimism Removal (CPR):    0.000ns
  Clock Uncertainty:      0.025ns  ((TSJ^2 + TIJ^2)^1/2 + DJ) / 2 + PE
    Total System Jitter     (TSJ):    0.050ns
    Total Input Jitter      (TIJ):    0.000ns
    Discrete Jitter          (DJ):    0.000ns
    Phase Error              (PE):    0.000ns

    Location             Delay type                Incr(ns)  Path(ns)    Netlist Resource(s)
  -------------------------------------------------------------------    -------------------
    N7                                                0.000     0.000 r  src_arstn (IN)
                         net (fo=0)                   0.000     0.000    src_arstn
    N7                   IBUF (Prop_ibuf_I_O)         1.018     1.018 r  src_arstn_IBUF_inst/O
                         net (fo=1, routed)           1.239     2.257    src_arstn_IBUF
    SLICE_X43Y6          LUT1 (Prop_lut1_I0_O)        0.124     2.381 f  src_sync1_i_1/O
                         net (fo=8, routed)           0.539     2.920    src_sync1_i_1_n_0
    SLICE_X43Y7          FDCE                                         f  src_sync3_reg/CLR
  -------------------------------------------------------------------    -------------------

                         (clock src_clk rise edge)    0.000     0.000 r  
    N11                                               0.000     0.000 r  src_clk (IN)
                         net (fo=0)                   0.000     0.000    src_clk
    N11                  IBUF (Prop_ibuf_I_O)         0.828     0.828 r  src_clk_IBUF_inst/O
                         net (fo=1, routed)           1.880     2.708    src_clk_IBUF
    BUFGCTRL_X0Y1        BUFG (Prop_bufg_I_O)         0.091     2.799 r  src_clk_IBUF_BUFG_inst/O
                         net (fo=8, routed)           1.575     4.375    src_clk_IBUF_BUFG
    SLICE_X43Y7          FDCE                                         r  src_sync3_reg/C

Slack:                    inf
  Source:                 src_valid
                            (input port)
  Destination:            ff_src_reg[0]/CE
                            (rising edge-triggered cell FDCE clocked by src_clk  {rise@0.000ns fall@5.000ns period=10.000ns})
  Path Group:             (none)
  Path Type:              Setup (Max at Slow Process Corner)
  Data Path Delay:        2.804ns  (logic 1.134ns (40.445%)  route 1.670ns (59.555%))
  Logic Levels:           2  (IBUF=1 LUT3=1)
  Clock Path Skew:        4.376ns (DCD - SCD + CPR)
    Destination Clock Delay (DCD):    4.376ns
    Source Clock Delay      (SCD):    0.000ns
    Clock Pessimism Removal (CPR):    0.000ns
  Clock Uncertainty:      0.025ns  ((TSJ^2 + TIJ^2)^1/2 + DJ) / 2 + PE
    Total System Jitter     (TSJ):    0.050ns
    Total Input Jitter      (TIJ):    0.000ns
    Discrete Jitter          (DJ):    0.000ns
    Phase Error              (PE):    0.000ns

    Location             Delay type                Incr(ns)  Path(ns)    Netlist Resource(s)
  -------------------------------------------------------------------    -------------------
    M11                                               0.000     0.000 r  src_valid (IN)
                         net (fo=0)                   0.000     0.000    src_valid
    M11                  IBUF (Prop_ibuf_I_O)         1.010     1.010 r  src_valid_IBUF_inst/O
                         net (fo=2, routed)           1.012     2.022    src_valid_IBUF
    SLICE_X43Y7          LUT3 (Prop_lut3_I0_O)        0.124     2.146 r  ff_src[3]_i_1/O
                         net (fo=4, routed)           0.658     2.804    ff_src0
    SLICE_X42Y6          FDCE                                         r  ff_src_reg[0]/CE
  -------------------------------------------------------------------    -------------------

                         (clock src_clk rise edge)    0.000     0.000 r  
    N11                                               0.000     0.000 r  src_clk (IN)
                         net (fo=0)                   0.000     0.000    src_clk
    N11                  IBUF (Prop_ibuf_I_O)         0.828     0.828 r  src_clk_IBUF_inst/O
                         net (fo=1, routed)           1.880     2.708    src_clk_IBUF
    BUFGCTRL_X0Y1        BUFG (Prop_bufg_I_O)         0.091     2.799 r  src_clk_IBUF_BUFG_inst/O
                         net (fo=8, routed)           1.576     4.376    src_clk_IBUF_BUFG
    SLICE_X42Y6          FDCE                                         r  ff_src_reg[0]/C

Slack:                    inf
  Source:                 src_valid
                            (input port)
  Destination:            ff_src_reg[1]/CE
                            (rising edge-triggered cell FDCE clocked by src_clk  {rise@0.000ns fall@5.000ns period=10.000ns})
  Path Group:             (none)
  Path Type:              Setup (Max at Slow Process Corner)
  Data Path Delay:        2.804ns  (logic 1.134ns (40.445%)  route 1.670ns (59.555%))
  Logic Levels:           2  (IBUF=1 LUT3=1)
  Clock Path Skew:        4.376ns (DCD - SCD + CPR)
    Destination Clock Delay (DCD):    4.376ns
    Source Clock Delay      (SCD):    0.000ns
    Clock Pessimism Removal (CPR):    0.000ns
  Clock Uncertainty:      0.025ns  ((TSJ^2 + TIJ^2)^1/2 + DJ) / 2 + PE
    Total System Jitter     (TSJ):    0.050ns
    Total Input Jitter      (TIJ):    0.000ns
    Discrete Jitter          (DJ):    0.000ns
    Phase Error              (PE):    0.000ns

    Location             Delay type                Incr(ns)  Path(ns)    Netlist Resource(s)
  -------------------------------------------------------------------    -------------------
    M11                                               0.000     0.000 r  src_valid (IN)
                         net (fo=0)                   0.000     0.000    src_valid
    M11                  IBUF (Prop_ibuf_I_O)         1.010     1.010 r  src_valid_IBUF_inst/O
                         net (fo=2, routed)           1.012     2.022    src_valid_IBUF
    SLICE_X43Y7          LUT3 (Prop_lut3_I0_O)        0.124     2.146 r  ff_src[3]_i_1/O
                         net (fo=4, routed)           0.658     2.804    ff_src0
    SLICE_X42Y6          FDCE                                         r  ff_src_reg[1]/CE
  -------------------------------------------------------------------    -------------------

                         (clock src_clk rise edge)    0.000     0.000 r  
    N11                                               0.000     0.000 r  src_clk (IN)
                         net (fo=0)                   0.000     0.000    src_clk
    N11                  IBUF (Prop_ibuf_I_O)         0.828     0.828 r  src_clk_IBUF_inst/O
                         net (fo=1, routed)           1.880     2.708    src_clk_IBUF
    BUFGCTRL_X0Y1        BUFG (Prop_bufg_I_O)         0.091     2.799 r  src_clk_IBUF_BUFG_inst/O
                         net (fo=8, routed)           1.576     4.376    src_clk_IBUF_BUFG
    SLICE_X42Y6          FDCE                                         r  ff_src_reg[1]/C

Slack:                    inf
  Source:                 src_valid
                            (input port)
  Destination:            ff_src_reg[2]/CE
                            (rising edge-triggered cell FDCE clocked by src_clk  {rise@0.000ns fall@5.000ns period=10.000ns})
  Path Group:             (none)
  Path Type:              Setup (Max at Slow Process Corner)
  Data Path Delay:        2.804ns  (logic 1.134ns (40.445%)  route 1.670ns (59.555%))
  Logic Levels:           2  (IBUF=1 LUT3=1)
  Clock Path Skew:        4.376ns (DCD - SCD + CPR)
    Destination Clock Delay (DCD):    4.376ns
    Source Clock Delay      (SCD):    0.000ns
    Clock Pessimism Removal (CPR):    0.000ns
  Clock Uncertainty:      0.025ns  ((TSJ^2 + TIJ^2)^1/2 + DJ) / 2 + PE
    Total System Jitter     (TSJ):    0.050ns
    Total Input Jitter      (TIJ):    0.000ns
    Discrete Jitter          (DJ):    0.000ns
    Phase Error              (PE):    0.000ns

    Location             Delay type                Incr(ns)  Path(ns)    Netlist Resource(s)
  -------------------------------------------------------------------    -------------------
    M11                                               0.000     0.000 r  src_valid (IN)
                         net (fo=0)                   0.000     0.000    src_valid
    M11                  IBUF (Prop_ibuf_I_O)         1.010     1.010 r  src_valid_IBUF_inst/O
                         net (fo=2, routed)           1.012     2.022    src_valid_IBUF
    SLICE_X43Y7          LUT3 (Prop_lut3_I0_O)        0.124     2.146 r  ff_src[3]_i_1/O
                         net (fo=4, routed)           0.658     2.804    ff_src0
    SLICE_X42Y6          FDCE                                         r  ff_src_reg[2]/CE
  -------------------------------------------------------------------    -------------------

                         (clock src_clk rise edge)    0.000     0.000 r  
    N11                                               0.000     0.000 r  src_clk (IN)
                         net (fo=0)                   0.000     0.000    src_clk
    N11                  IBUF (Prop_ibuf_I_O)         0.828     0.828 r  src_clk_IBUF_inst/O
                         net (fo=1, routed)           1.880     2.708    src_clk_IBUF
    BUFGCTRL_X0Y1        BUFG (Prop_bufg_I_O)         0.091     2.799 r  src_clk_IBUF_BUFG_inst/O
                         net (fo=8, routed)           1.576     4.376    src_clk_IBUF_BUFG
    SLICE_X42Y6          FDCE                                         r  ff_src_reg[2]/C

Slack:                    inf
  Source:                 src_valid
                            (input port)
  Destination:            ff_src_reg[3]/CE
                            (rising edge-triggered cell FDCE clocked by src_clk  {rise@0.000ns fall@5.000ns period=10.000ns})
  Path Group:             (none)
  Path Type:              Setup (Max at Slow Process Corner)
  Data Path Delay:        2.804ns  (logic 1.134ns (40.445%)  route 1.670ns (59.555%))
  Logic Levels:           2  (IBUF=1 LUT3=1)
  Clock Path Skew:        4.376ns (DCD - SCD + CPR)
    Destination Clock Delay (DCD):    4.376ns
    Source Clock Delay      (SCD):    0.000ns
    Clock Pessimism Removal (CPR):    0.000ns
  Clock Uncertainty:      0.025ns  ((TSJ^2 + TIJ^2)^1/2 + DJ) / 2 + PE
    Total System Jitter     (TSJ):    0.050ns
    Total Input Jitter      (TIJ):    0.000ns
    Discrete Jitter          (DJ):    0.000ns
    Phase Error              (PE):    0.000ns

    Location             Delay type                Incr(ns)  Path(ns)    Netlist Resource(s)
  -------------------------------------------------------------------    -------------------
    M11                                               0.000     0.000 r  src_valid (IN)
                         net (fo=0)                   0.000     0.000    src_valid
    M11                  IBUF (Prop_ibuf_I_O)         1.010     1.010 r  src_valid_IBUF_inst/O
                         net (fo=2, routed)           1.012     2.022    src_valid_IBUF
    SLICE_X43Y7          LUT3 (Prop_lut3_I0_O)        0.124     2.146 r  ff_src[3]_i_1/O
                         net (fo=4, routed)           0.658     2.804    ff_src0
    SLICE_X42Y6          FDCE                                         r  ff_src_reg[3]/CE
  -------------------------------------------------------------------    -------------------

                         (clock src_clk rise edge)    0.000     0.000 r  
    N11                                               0.000     0.000 r  src_clk (IN)
                         net (fo=0)                   0.000     0.000    src_clk
    N11                  IBUF (Prop_ibuf_I_O)         0.828     0.828 r  src_clk_IBUF_inst/O
                         net (fo=1, routed)           1.880     2.708    src_clk_IBUF
    BUFGCTRL_X0Y1        BUFG (Prop_bufg_I_O)         0.091     2.799 r  src_clk_IBUF_BUFG_inst/O
                         net (fo=8, routed)           1.576     4.376    src_clk_IBUF_BUFG
    SLICE_X42Y6          FDCE                                         r  ff_src_reg[3]/C

Slack:                    inf
  Source:                 src_arstn
                            (input port)
  Destination:            ff_src_reg[0]/CLR
                            (recovery check against rising-edge clock src_clk  {rise@0.000ns fall@5.000ns period=10.000ns})
  Path Group:             (none)
  Path Type:              Recovery (Max at Slow Process Corner)
  Data Path Delay:        2.780ns  (logic 1.142ns (41.083%)  route 1.638ns (58.917%))
  Logic Levels:           2  (IBUF=1 LUT1=1)
  Clock Path Skew:        4.376ns (DCD - SCD + CPR)
    Destination Clock Delay (DCD):    4.376ns
    Source Clock Delay      (SCD):    0.000ns
    Clock Pessimism Removal (CPR):    0.000ns
  Clock Uncertainty:      0.025ns  ((TSJ^2 + TIJ^2)^1/2 + DJ) / 2 + PE
    Total System Jitter     (TSJ):    0.050ns
    Total Input Jitter      (TIJ):    0.000ns
    Discrete Jitter          (DJ):    0.000ns
    Phase Error              (PE):    0.000ns

    Location             Delay type                Incr(ns)  Path(ns)    Netlist Resource(s)
  -------------------------------------------------------------------    -------------------
    N7                                                0.000     0.000 r  src_arstn (IN)
                         net (fo=0)                   0.000     0.000    src_arstn
    N7                   IBUF (Prop_ibuf_I_O)         1.018     1.018 r  src_arstn_IBUF_inst/O
                         net (fo=1, routed)           1.239     2.257    src_arstn_IBUF
    SLICE_X43Y6          LUT1 (Prop_lut1_I0_O)        0.124     2.381 f  src_sync1_i_1/O
                         net (fo=8, routed)           0.399     2.780    src_sync1_i_1_n_0
    SLICE_X42Y6          FDCE                                         f  ff_src_reg[0]/CLR
  -------------------------------------------------------------------    -------------------

                         (clock src_clk rise edge)    0.000     0.000 r  
    N11                                               0.000     0.000 r  src_clk (IN)
                         net (fo=0)                   0.000     0.000    src_clk
    N11                  IBUF (Prop_ibuf_I_O)         0.828     0.828 r  src_clk_IBUF_inst/O
                         net (fo=1, routed)           1.880     2.708    src_clk_IBUF
    BUFGCTRL_X0Y1        BUFG (Prop_bufg_I_O)         0.091     2.799 r  src_clk_IBUF_BUFG_inst/O
                         net (fo=8, routed)           1.576     4.376    src_clk_IBUF_BUFG
    SLICE_X42Y6          FDCE                                         r  ff_src_reg[0]/C

Slack:                    inf
  Source:                 src_arstn
                            (input port)
  Destination:            ff_src_reg[1]/CLR
                            (recovery check against rising-edge clock src_clk  {rise@0.000ns fall@5.000ns period=10.000ns})
  Path Group:             (none)
  Path Type:              Recovery (Max at Slow Process Corner)
  Data Path Delay:        2.780ns  (logic 1.142ns (41.083%)  route 1.638ns (58.917%))
  Logic Levels:           2  (IBUF=1 LUT1=1)
  Clock Path Skew:        4.376ns (DCD - SCD + CPR)
    Destination Clock Delay (DCD):    4.376ns
    Source Clock Delay      (SCD):    0.000ns
    Clock Pessimism Removal (CPR):    0.000ns
  Clock Uncertainty:      0.025ns  ((TSJ^2 + TIJ^2)^1/2 + DJ) / 2 + PE
    Total System Jitter     (TSJ):    0.050ns
    Total Input Jitter      (TIJ):    0.000ns
    Discrete Jitter          (DJ):    0.000ns
    Phase Error              (PE):    0.000ns

    Location             Delay type                Incr(ns)  Path(ns)    Netlist Resource(s)
  -------------------------------------------------------------------    -------------------
    N7                                                0.000     0.000 r  src_arstn (IN)
                         net (fo=0)                   0.000     0.000    src_arstn
    N7                   IBUF (Prop_ibuf_I_O)         1.018     1.018 r  src_arstn_IBUF_inst/O
                         net (fo=1, routed)           1.239     2.257    src_arstn_IBUF
    SLICE_X43Y6          LUT1 (Prop_lut1_I0_O)        0.124     2.381 f  src_sync1_i_1/O
                         net (fo=8, routed)           0.399     2.780    src_sync1_i_1_n_0
    SLICE_X42Y6          FDCE                                         f  ff_src_reg[1]/CLR
  -------------------------------------------------------------------    -------------------

                         (clock src_clk rise edge)    0.000     0.000 r  
    N11                                               0.000     0.000 r  src_clk (IN)
                         net (fo=0)                   0.000     0.000    src_clk
    N11                  IBUF (Prop_ibuf_I_O)         0.828     0.828 r  src_clk_IBUF_inst/O
                         net (fo=1, routed)           1.880     2.708    src_clk_IBUF
    BUFGCTRL_X0Y1        BUFG (Prop_bufg_I_O)         0.091     2.799 r  src_clk_IBUF_BUFG_inst/O
                         net (fo=8, routed)           1.576     4.376    src_clk_IBUF_BUFG
    SLICE_X42Y6          FDCE                                         r  ff_src_reg[1]/C





Min Delay Paths
--------------------------------------------------------------------------------------
Slack:                    inf
  Source:                 src_data[1]
                            (input port)
  Destination:            ff_src_reg[1]/D
                            (rising edge-triggered cell FDCE clocked by src_clk  {rise@0.000ns fall@5.000ns period=10.000ns})
  Path Group:             (none)
  Path Type:              Hold (Min at Fast Process Corner)
  Data Path Delay:        0.577ns  (logic 0.195ns (33.868%)  route 0.381ns (66.132%))
  Logic Levels:           1  (IBUF=1)
  Clock Path Skew:        1.952ns (DCD - SCD - CPR)
    Destination Clock Delay (DCD):    1.952ns
    Source Clock Delay      (SCD):    0.000ns
    Clock Pessimism Removal (CPR):    -0.000ns

    Location             Delay type                Incr(ns)  Path(ns)    Netlist Resource(s)
  -------------------------------------------------------------------    -------------------
    P10                                               0.000     0.000 r  src_data[1] (IN)
                         net (fo=0)                   0.000     0.000    src_data[1]
    P10                  IBUF (Prop_ibuf_I_O)         0.195     0.195 r  src_data_IBUF[1]_inst/O
                         net (fo=1, routed)           0.381     0.577    src_data_IBUF[1]
    SLICE_X42Y6          FDCE                                         r  ff_src_reg[1]/D
  -------------------------------------------------------------------    -------------------

                         (clock src_clk rise edge)    0.000     0.000 r  
    N11                                               0.000     0.000 r  src_clk (IN)
                         net (fo=0)                   0.000     0.000    src_clk
    N11                  IBUF (Prop_ibuf_I_O)         0.379     0.379 r  src_clk_IBUF_inst/O
                         net (fo=1, routed)           0.683     1.062    src_clk_IBUF
    BUFGCTRL_X0Y1        BUFG (Prop_bufg_I_O)         0.029     1.091 r  src_clk_IBUF_BUFG_inst/O
                         net (fo=8, routed)           0.861     1.952    src_clk_IBUF_BUFG
    SLICE_X42Y6          FDCE                                         r  ff_src_reg[1]/C

Slack:                    inf
  Source:                 src_data[2]
                            (input port)
  Destination:            ff_src_reg[2]/D
                            (rising edge-triggered cell FDCE clocked by src_clk  {rise@0.000ns fall@5.000ns period=10.000ns})
  Path Group:             (none)
  Path Type:              Hold (Min at Fast Process Corner)
  Data Path Delay:        0.597ns  (logic 0.217ns (36.302%)  route 0.380ns (63.698%))
  Logic Levels:           1  (IBUF=1)
  Clock Path Skew:        1.952ns (DCD - SCD - CPR)
    Destination Clock Delay (DCD):    1.952ns
    Source Clock Delay      (SCD):    0.000ns
    Clock Pessimism Removal (CPR):    -0.000ns

    Location             Delay type                Incr(ns)  Path(ns)    Netlist Resource(s)
  -------------------------------------------------------------------    -------------------
    P9                                                0.000     0.000 r  src_data[2] (IN)
                         net (fo=0)                   0.000     0.000    src_data[2]
    P9                   IBUF (Prop_ibuf_I_O)         0.217     0.217 r  src_data_IBUF[2]_inst/O
                         net (fo=1, routed)           0.380     0.597    src_data_IBUF[2]
    SLICE_X42Y6          FDCE                                         r  ff_src_reg[2]/D
  -------------------------------------------------------------------    -------------------

                         (clock src_clk rise edge)    0.000     0.000 r  
    N11                                               0.000     0.000 r  src_clk (IN)
                         net (fo=0)                   0.000     0.000    src_clk
    N11                  IBUF (Prop_ibuf_I_O)         0.379     0.379 r  src_clk_IBUF_inst/O
                         net (fo=1, routed)           0.683     1.062    src_clk_IBUF
    BUFGCTRL_X0Y1        BUFG (Prop_bufg_I_O)         0.029     1.091 r  src_clk_IBUF_BUFG_inst/O
                         net (fo=8, routed)           0.861     1.952    src_clk_IBUF_BUFG
    SLICE_X42Y6          FDCE                                         r  ff_src_reg[2]/C

Slack:                    inf
  Source:                 src_data[3]
                            (input port)
  Destination:            ff_src_reg[3]/D
                            (rising edge-triggered cell FDCE clocked by src_clk  {rise@0.000ns fall@5.000ns period=10.000ns})
  Path Group:             (none)
  Path Type:              Hold (Min at Fast Process Corner)
  Data Path Delay:        0.599ns  (logic 0.214ns (35.675%)  route 0.385ns (64.325%))
  Logic Levels:           1  (IBUF=1)
  Clock Path Skew:        1.952ns (DCD - SCD - CPR)
    Destination Clock Delay (DCD):    1.952ns
    Source Clock Delay      (SCD):    0.000ns
    Clock Pessimism Removal (CPR):    -0.000ns

    Location             Delay type                Incr(ns)  Path(ns)    Netlist Resource(s)
  -------------------------------------------------------------------    -------------------
    P8                                                0.000     0.000 r  src_data[3] (IN)
                         net (fo=0)                   0.000     0.000    src_data[3]
    P8                   IBUF (Prop_ibuf_I_O)         0.214     0.214 r  src_data_IBUF[3]_inst/O
                         net (fo=1, routed)           0.385     0.599    src_data_IBUF[3]
    SLICE_X42Y6          FDCE                                         r  ff_src_reg[3]/D
  -------------------------------------------------------------------    -------------------

                         (clock src_clk rise edge)    0.000     0.000 r  
    N11                                               0.000     0.000 r  src_clk (IN)
                         net (fo=0)                   0.000     0.000    src_clk
    N11                  IBUF (Prop_ibuf_I_O)         0.379     0.379 r  src_clk_IBUF_inst/O
                         net (fo=1, routed)           0.683     1.062    src_clk_IBUF
    BUFGCTRL_X0Y1        BUFG (Prop_bufg_I_O)         0.029     1.091 r  src_clk_IBUF_BUFG_inst/O
                         net (fo=8, routed)           0.861     1.952    src_clk_IBUF_BUFG
    SLICE_X42Y6          FDCE                                         r  ff_src_reg[3]/C

Slack:                    inf
  Source:                 src_valid
                            (input port)
  Destination:            handshake_src_reg/D
                            (rising edge-triggered cell FDCE clocked by src_clk  {rise@0.000ns fall@5.000ns period=10.000ns})
  Path Group:             (none)
  Path Type:              Hold (Min at Fast Process Corner)
  Data Path Delay:        0.618ns  (logic 0.284ns (45.867%)  route 0.335ns (54.133%))
  Logic Levels:           2  (IBUF=1 LUT3=1)
  Clock Path Skew:        1.951ns (DCD - SCD - CPR)
    Destination Clock Delay (DCD):    1.951ns
    Source Clock Delay      (SCD):    0.000ns
    Clock Pessimism Removal (CPR):    -0.000ns

    Location             Delay type                Incr(ns)  Path(ns)    Netlist Resource(s)
  -------------------------------------------------------------------    -------------------
    M11                                               0.000     0.000 r  src_valid (IN)
                         net (fo=0)                   0.000     0.000    src_valid
    M11                  IBUF (Prop_ibuf_I_O)         0.239     0.239 r  src_valid_IBUF_inst/O
                         net (fo=2, routed)           0.335     0.573    src_valid_IBUF
    SLICE_X43Y7          LUT3 (Prop_lut3_I1_O)        0.045     0.618 r  handshake_src_i_1/O
                         net (fo=1, routed)           0.000     0.618    handshake_src_i_1_n_0
    SLICE_X43Y7          FDCE                                         r  handshake_src_reg/D
  -------------------------------------------------------------------    -------------------

                         (clock src_clk rise edge)    0.000     0.000 r  
    N11                                               0.000     0.000 r  src_clk (IN)
                         net (fo=0)                   0.000     0.000    src_clk
    N11                  IBUF (Prop_ibuf_I_O)         0.379     0.379 r  src_clk_IBUF_inst/O
                         net (fo=1, routed)           0.683     1.062    src_clk_IBUF
    BUFGCTRL_X0Y1        BUFG (Prop_bufg_I_O)         0.029     1.091 r  src_clk_IBUF_BUFG_inst/O
                         net (fo=8, routed)           0.860     1.951    src_clk_IBUF_BUFG
    SLICE_X43Y7          FDCE                                         r  handshake_src_reg/C

Slack:                    inf
  Source:                 src_data[0]
                            (input port)
  Destination:            ff_src_reg[0]/D
                            (rising edge-triggered cell FDCE clocked by src_clk  {rise@0.000ns fall@5.000ns period=10.000ns})
  Path Group:             (none)
  Path Type:              Hold (Min at Fast Process Corner)
  Data Path Delay:        0.629ns  (logic 0.198ns (31.462%)  route 0.431ns (68.538%))
  Logic Levels:           1  (IBUF=1)
  Clock Path Skew:        1.952ns (DCD - SCD - CPR)
    Destination Clock Delay (DCD):    1.952ns
    Source Clock Delay      (SCD):    0.000ns
    Clock Pessimism Removal (CPR):    -0.000ns

    Location             Delay type                Incr(ns)  Path(ns)    Netlist Resource(s)
  -------------------------------------------------------------------    -------------------
    R10                                               0.000     0.000 r  src_data[0] (IN)
                         net (fo=0)                   0.000     0.000    src_data[0]
    R10                  IBUF (Prop_ibuf_I_O)         0.198     0.198 r  src_data_IBUF[0]_inst/O
                         net (fo=1, routed)           0.431     0.629    src_data_IBUF[0]
    SLICE_X42Y6          FDCE                                         r  ff_src_reg[0]/D
  -------------------------------------------------------------------    -------------------

                         (clock src_clk rise edge)    0.000     0.000 r  
    N11                                               0.000     0.000 r  src_clk (IN)
                         net (fo=0)                   0.000     0.000    src_clk
    N11                  IBUF (Prop_ibuf_I_O)         0.379     0.379 r  src_clk_IBUF_inst/O
                         net (fo=1, routed)           0.683     1.062    src_clk_IBUF
    BUFGCTRL_X0Y1        BUFG (Prop_bufg_I_O)         0.029     1.091 r  src_clk_IBUF_BUFG_inst/O
                         net (fo=8, routed)           0.861     1.952    src_clk_IBUF_BUFG
    SLICE_X42Y6          FDCE                                         r  ff_src_reg[0]/C

Slack:                    inf
  Source:                 src_arstn
                            (input port)
  Destination:            ff_src_reg[0]/CLR
                            (removal check against rising-edge clock src_clk  {rise@0.000ns fall@5.000ns period=10.000ns})
  Path Group:             (none)
  Path Type:              Removal (Min at Fast Process Corner)
  Data Path Delay:        0.886ns  (logic 0.292ns (32.920%)  route 0.594ns (67.080%))
  Logic Levels:           2  (IBUF=1 LUT1=1)
  Clock Path Skew:        1.952ns (DCD - SCD - CPR)
    Destination Clock Delay (DCD):    1.952ns
    Source Clock Delay      (SCD):    0.000ns
    Clock Pessimism Removal (CPR):    -0.000ns

    Location             Delay type                Incr(ns)  Path(ns)    Netlist Resource(s)
  -------------------------------------------------------------------    -------------------
    N7                                                0.000     0.000 r  src_arstn (IN)
                         net (fo=0)                   0.000     0.000    src_arstn
    N7                   IBUF (Prop_ibuf_I_O)         0.247     0.247 r  src_arstn_IBUF_inst/O
                         net (fo=1, routed)           0.463     0.710    src_arstn_IBUF
    SLICE_X43Y6          LUT1 (Prop_lut1_I0_O)        0.045     0.755 f  src_sync1_i_1/O
                         net (fo=8, routed)           0.131     0.886    src_sync1_i_1_n_0
    SLICE_X42Y6          FDCE                                         f  ff_src_reg[0]/CLR
  -------------------------------------------------------------------    -------------------

                         (clock src_clk rise edge)    0.000     0.000 r  
    N11                                               0.000     0.000 r  src_clk (IN)
                         net (fo=0)                   0.000     0.000    src_clk
    N11                  IBUF (Prop_ibuf_I_O)         0.379     0.379 r  src_clk_IBUF_inst/O
                         net (fo=1, routed)           0.683     1.062    src_clk_IBUF
    BUFGCTRL_X0Y1        BUFG (Prop_bufg_I_O)         0.029     1.091 r  src_clk_IBUF_BUFG_inst/O
                         net (fo=8, routed)           0.861     1.952    src_clk_IBUF_BUFG
    SLICE_X42Y6          FDCE                                         r  ff_src_reg[0]/C

Slack:                    inf
  Source:                 src_arstn
                            (input port)
  Destination:            ff_src_reg[1]/CLR
                            (removal check against rising-edge clock src_clk  {rise@0.000ns fall@5.000ns period=10.000ns})
  Path Group:             (none)
  Path Type:              Removal (Min at Fast Process Corner)
  Data Path Delay:        0.886ns  (logic 0.292ns (32.920%)  route 0.594ns (67.080%))
  Logic Levels:           2  (IBUF=1 LUT1=1)
  Clock Path Skew:        1.952ns (DCD - SCD - CPR)
    Destination Clock Delay (DCD):    1.952ns
    Source Clock Delay      (SCD):    0.000ns
    Clock Pessimism Removal (CPR):    -0.000ns

    Location             Delay type                Incr(ns)  Path(ns)    Netlist Resource(s)
  -------------------------------------------------------------------    -------------------
    N7                                                0.000     0.000 r  src_arstn (IN)
                         net (fo=0)                   0.000     0.000    src_arstn
    N7                   IBUF (Prop_ibuf_I_O)         0.247     0.247 r  src_arstn_IBUF_inst/O
                         net (fo=1, routed)           0.463     0.710    src_arstn_IBUF
    SLICE_X43Y6          LUT1 (Prop_lut1_I0_O)        0.045     0.755 f  src_sync1_i_1/O
                         net (fo=8, routed)           0.131     0.886    src_sync1_i_1_n_0
    SLICE_X42Y6          FDCE                                         f  ff_src_reg[1]/CLR
  -------------------------------------------------------------------    -------------------

                         (clock src_clk rise edge)    0.000     0.000 r  
    N11                                               0.000     0.000 r  src_clk (IN)
                         net (fo=0)                   0.000     0.000    src_clk
    N11                  IBUF (Prop_ibuf_I_O)         0.379     0.379 r  src_clk_IBUF_inst/O
                         net (fo=1, routed)           0.683     1.062    src_clk_IBUF
    BUFGCTRL_X0Y1        BUFG (Prop_bufg_I_O)         0.029     1.091 r  src_clk_IBUF_BUFG_inst/O
                         net (fo=8, routed)           0.861     1.952    src_clk_IBUF_BUFG
    SLICE_X42Y6          FDCE                                         r  ff_src_reg[1]/C

Slack:                    inf
  Source:                 src_arstn
                            (input port)
  Destination:            ff_src_reg[2]/CLR
                            (removal check against rising-edge clock src_clk  {rise@0.000ns fall@5.000ns period=10.000ns})
  Path Group:             (none)
  Path Type:              Removal (Min at Fast Process Corner)
  Data Path Delay:        0.886ns  (logic 0.292ns (32.920%)  route 0.594ns (67.080%))
  Logic Levels:           2  (IBUF=1 LUT1=1)
  Clock Path Skew:        1.952ns (DCD - SCD - CPR)
    Destination Clock Delay (DCD):    1.952ns
    Source Clock Delay      (SCD):    0.000ns
    Clock Pessimism Removal (CPR):    -0.000ns

    Location             Delay type                Incr(ns)  Path(ns)    Netlist Resource(s)
  -------------------------------------------------------------------    -------------------
    N7                                                0.000     0.000 r  src_arstn (IN)
                         net (fo=0)                   0.000     0.000    src_arstn
    N7                   IBUF (Prop_ibuf_I_O)         0.247     0.247 r  src_arstn_IBUF_inst/O
                         net (fo=1, routed)           0.463     0.710    src_arstn_IBUF
    SLICE_X43Y6          LUT1 (Prop_lut1_I0_O)        0.045     0.755 f  src_sync1_i_1/O
                         net (fo=8, routed)           0.131     0.886    src_sync1_i_1_n_0
    SLICE_X42Y6          FDCE                                         f  ff_src_reg[2]/CLR
  -------------------------------------------------------------------    -------------------

                         (clock src_clk rise edge)    0.000     0.000 r  
    N11                                               0.000     0.000 r  src_clk (IN)
                         net (fo=0)                   0.000     0.000    src_clk
    N11                  IBUF (Prop_ibuf_I_O)         0.379     0.379 r  src_clk_IBUF_inst/O
                         net (fo=1, routed)           0.683     1.062    src_clk_IBUF
    BUFGCTRL_X0Y1        BUFG (Prop_bufg_I_O)         0.029     1.091 r  src_clk_IBUF_BUFG_inst/O
                         net (fo=8, routed)           0.861     1.952    src_clk_IBUF_BUFG
    SLICE_X42Y6          FDCE                                         r  ff_src_reg[2]/C

Slack:                    inf
  Source:                 src_arstn
                            (input port)
  Destination:            ff_src_reg[3]/CLR
                            (removal check against rising-edge clock src_clk  {rise@0.000ns fall@5.000ns period=10.000ns})
  Path Group:             (none)
  Path Type:              Removal (Min at Fast Process Corner)
  Data Path Delay:        0.886ns  (logic 0.292ns (32.920%)  route 0.594ns (67.080%))
  Logic Levels:           2  (IBUF=1 LUT1=1)
  Clock Path Skew:        1.952ns (DCD - SCD - CPR)
    Destination Clock Delay (DCD):    1.952ns
    Source Clock Delay      (SCD):    0.000ns
    Clock Pessimism Removal (CPR):    -0.000ns

    Location             Delay type                Incr(ns)  Path(ns)    Netlist Resource(s)
  -------------------------------------------------------------------    -------------------
    N7                                                0.000     0.000 r  src_arstn (IN)
                         net (fo=0)                   0.000     0.000    src_arstn
    N7                   IBUF (Prop_ibuf_I_O)         0.247     0.247 r  src_arstn_IBUF_inst/O
                         net (fo=1, routed)           0.463     0.710    src_arstn_IBUF
    SLICE_X43Y6          LUT1 (Prop_lut1_I0_O)        0.045     0.755 f  src_sync1_i_1/O
                         net (fo=8, routed)           0.131     0.886    src_sync1_i_1_n_0
    SLICE_X42Y6          FDCE                                         f  ff_src_reg[3]/CLR
  -------------------------------------------------------------------    -------------------

                         (clock src_clk rise edge)    0.000     0.000 r  
    N11                                               0.000     0.000 r  src_clk (IN)
                         net (fo=0)                   0.000     0.000    src_clk
    N11                  IBUF (Prop_ibuf_I_O)         0.379     0.379 r  src_clk_IBUF_inst/O
                         net (fo=1, routed)           0.683     1.062    src_clk_IBUF
    BUFGCTRL_X0Y1        BUFG (Prop_bufg_I_O)         0.029     1.091 r  src_clk_IBUF_BUFG_inst/O
                         net (fo=8, routed)           0.861     1.952    src_clk_IBUF_BUFG
    SLICE_X42Y6          FDCE                                         r  ff_src_reg[3]/C

Slack:                    inf
  Source:                 src_valid
                            (input port)
  Destination:            ff_src_reg[0]/CE
                            (rising edge-triggered cell FDCE clocked by src_clk  {rise@0.000ns fall@5.000ns period=10.000ns})
  Path Group:             (none)
  Path Type:              Hold (Min at Fast Process Corner)
  Data Path Delay:        0.915ns  (logic 0.284ns (31.003%)  route 0.631ns (68.997%))
  Logic Levels:           2  (IBUF=1 LUT3=1)
  Clock Path Skew:        1.952ns (DCD - SCD - CPR)
    Destination Clock Delay (DCD):    1.952ns
    Source Clock Delay      (SCD):    0.000ns
    Clock Pessimism Removal (CPR):    -0.000ns

    Location             Delay type                Incr(ns)  Path(ns)    Netlist Resource(s)
  -------------------------------------------------------------------    -------------------
    M11                                               0.000     0.000 r  src_valid (IN)
                         net (fo=0)                   0.000     0.000    src_valid
    M11                  IBUF (Prop_ibuf_I_O)         0.239     0.239 r  src_valid_IBUF_inst/O
                         net (fo=2, routed)           0.388     0.626    src_valid_IBUF
    SLICE_X43Y7          LUT3 (Prop_lut3_I0_O)        0.045     0.671 r  ff_src[3]_i_1/O
                         net (fo=4, routed)           0.243     0.915    ff_src0
    SLICE_X42Y6          FDCE                                         r  ff_src_reg[0]/CE
  -------------------------------------------------------------------    -------------------

                         (clock src_clk rise edge)    0.000     0.000 r  
    N11                                               0.000     0.000 r  src_clk (IN)
                         net (fo=0)                   0.000     0.000    src_clk
    N11                  IBUF (Prop_ibuf_I_O)         0.379     0.379 r  src_clk_IBUF_inst/O
                         net (fo=1, routed)           0.683     1.062    src_clk_IBUF
    BUFGCTRL_X0Y1        BUFG (Prop_bufg_I_O)         0.029     1.091 r  src_clk_IBUF_BUFG_inst/O
                         net (fo=8, routed)           0.861     1.952    src_clk_IBUF_BUFG
    SLICE_X42Y6          FDCE                                         r  ff_src_reg[0]/C





